사업장명,소재지지번주소,소재지도로명주소,영업상태명,위생업태명,WGS84위도,WGS84경도,지역구분
씨유인계리치안점,경기도 수원시 팔달구 인계동 1035-7 ,"경기도 수원시 팔달구 경수대로466번길 59, 1층 115호 (인계동)",영업,편의점,37.2669596176,127.0304987985,팔달구
씨유세류해피점,경기도 수원시 권선구 세류동 846-1 현대아파트 상가동 101호,"경기도 수원시 권선구 세지로 97, 상가동 1층 101호 (세류동, 현대아파트)",영업,편의점,37.260664095,127.0183356383,권선구
세븐일레븐 수원서둔중앙점,경기도 수원시 권선구 서둔동 17-276 ,"경기도 수원시 권선구 세화로151번길 18-18, 1층 (서둔동)",영업,편의점,37.2660101182,126.9926209578,권선구
세븐일레븐 수원구운점,경기도 수원시 권선구 구운동 942-6 ,"경기도 수원시 권선구 구운로63번길 2, 1층 (구운동)",영업,편의점,37.2793718258,126.9727005871,권선구
씨유 광교제일점,경기도 수원시 영통구 이의동 1266-10 ,"경기도 수원시 영통구 대학1로8번길 93, 1층 (이의동)",영업,편의점,37.2983537645,127.0463370434,영통구
GS25영통망포점,경기도 수원시 영통구 망포동 540-15 ,"경기도 수원시 영통구 영통로112번길 24, 1층 (망포동)",영업,편의점,37.2390820337,127.0569070056,영통구
씨유호매실스카이,경기도 수원시 권선구 호매실동 1393 힐스테이트 호매실 근린생활시설-2 116호,"경기도 수원시 권선구 호매실로166번길 33, 1층 116호 (호매실동, 힐스테이트 호매실)",영업,편의점,37.2588686452,126.9594800745,권선구
지에스(GS)25 광교수자인,경기도 수원시 영통구 하동 1027 광교 LAKE PARK 한양수자인 ,"경기도 수원시 영통구 광교호수로152번길 23, 근린생활시설동 205호 (하동, 광교 LAKE PARK 한양수자인)",영업,편의점,37.279902846,127.0706554847,영통구
GS25광교혜령점,경기도 수원시 영통구 이의동 1308-4 1층GS25 ,"경기도 수원시 영통구 센트럴파크로127번길 83, 1층 (이의동, GS25)",영업,편의점,37.2940496593,127.0522636277,영통구
GS25 수원한라,경기도 수원시 팔달구 인계동 206 한라시그마펠리스 상가 103호,"경기도 수원시 팔달구 중부대로 110, 103호 (인계동, 한라시그마펠리스 상가)",영업,편의점,37.2774087992,127.028741909,팔달구
CU광교센트럴비즈점,경기도 수원시 영통구 이의동 1283 광교 센트럴비즈타워 104호,"경기도 수원시 영통구 창룡대로 260, 광교 센트럴비즈타워 1층 104호 (이의동)",영업,편의점,37.2955438419,127.0376436747,영통구
CU수원구운로점,경기도 수원시 권선구 구운동 934-8 ,"경기도 수원시 권선구 구운로85번길 47-15, 1층 (구운동)",영업,편의점,37.2802284244,126.9707431054,권선구
세븐일레븐 수원탑동제일점,경기도 수원시 권선구 탑동 789-1 강서빌딩 ,"경기도 수원시 권선구 탑동로 48, 강서빌딩 지1층 (탑동)",영업,편의점,37.2730426698,126.9744140707,권선구
지에스(GS)25 영통하우스점,경기도 수원시 영통구 매탄동 407-49 ,"경기도 수원시 영통구 신원로 255-1, 1층 102호 (매탄동)",영업,편의점,37.2582216399,127.0601103984,영통구
세븐일레븐 수원해든점,경기도 수원시 팔달구 화서동 20-22 성암빌딩 ,"경기도 수원시 팔달구 장안로5번길 16, 성암빌딩 101호 (화서동)",영업,편의점,37.2854122886,127.0064116816,팔달구
씨유(CU)권선곡선초점,경기도 수원시 권선구 권선동 1187-1 신현대아파트 ,"경기도 수원시 권선구 권광로27번길 22, 1층 103호 (권선동, 신현대아파트)",영업,편의점,37.2508816171,127.026697074,권선구
GS25 호매실스퀘어,경기도 수원시 권선구 호매실동 1397-2 ,"경기도 수원시 권선구 호매실로90번길 76, 114호 (호매실동)",영업,편의점,37.258773608,126.9643524933,권선구
씨유매탄우남점,경기도 수원시 영통구 매탄동 1270-5 ,"경기도 수원시 영통구 매탄로79번길 6-2, 1층 일부호 (매탄동)",영업,편의점,37.2582885668,127.0421004107,영통구
CU화서위브점,경기도 수원시 팔달구 화서동 346-5 ,"경기도 수원시 팔달구 수성로244번길 22, 라온하우스 1층 (화서동)",영업,편의점,37.2881765271,126.9992523844,팔달구
지에스25탑동늘푸른점,경기도 수원시 권선구 탑동 25-43 ,"경기도 수원시 권선구 서둔로239번길 23, 1층 일부호 (탑동)",영업,편의점,37.2726248403,126.977766912,권선구
씨유 수원원천점,경기도 수원시 영통구 원천동 35-3 주공아파트 상가동 101일부호,"경기도 수원시 영통구 중부대로271번길 27-11, 주공아파트 상가동 101호일부호 (원천동)",영업,편의점,37.2761159511,127.0462110944,영통구
세븐일레븐 경기도청점,경기도 수원시 팔달구 고등동 61-108 ,"경기도 수원시 팔달구 고등로 92, 1층 103호 (고등동)",영업,편의점,37.2732650112,127.0072467147,팔달구
세븐일레븐 탑동센터점,"경기도 수원시 권선구 탑동 815-1 101,102호, 편의점내 ","경기도 수원시 권선구 상탑로 10, 1층 101,102호 (탑동, 편의점 내)",영업,편의점,37.2704734655,126.97233405,권선구
지에스25 수원하늘채가점,경기도 수원시 권선구 곡반정동 652 수원 하늘채 더퍼스트 1단지 ,"경기도 수원시 권선구 망포로 13, 상가동 103호 일부, 104호 (곡반정동, 수원 하늘채 더퍼스트 1단지)",영업,편의점,37.2424266371,127.0358374164,권선구
지에스25인계프리미엄점,경기도 수원시 팔달구 인계동 1043-9 ,경기도 수원시 팔달구 효원로265번길 41 (인계동),영업,편의점,37.2639430594,127.0312844282,팔달구
지에스25수원하늘채나점,경기도 수원시 권선구 곡반정동 0 상가동 104호,"경기도 수원시 권선구 곡반정로 158, 상가동 1층 104호 (곡반정동)",영업,편의점,0.0,0.0,권선구
GS25금곡우성점,경기도 수원시 권선구 금곡동 1085-2 우성메디피아 112호,"경기도 수원시 권선구 금곡로 106, 112호 (금곡동, 우성메디피아)",영업,편의점,37.2739759438,126.9419904696,권선구
지에스25호매실수자인점,경기도 수원시 권선구 호매실동 1361 한양수자인파크원 ,"경기도 수원시 권선구 칠보로 102, 상가2동 1층 109호 (호매실동, 한양수자인파크원)",영업,편의점,37.2641279592,126.9506005595,권선구
세븐일레븐 영통경희대점,경기도 수원시 영통구 영통동 1023-5 ,"경기도 수원시 영통구 영일로6번길 17, 에코빌리 1층 101호 (영통동)",영업,편의점,37.2483489044,127.0767543053,영통구
지에스25 수원화서주공점,"경기도 수원시 팔달구 화서동 646 화서3단지주공아파트내상가, 1층 101호","경기도 수원시 팔달구 덕영대로697번길 47, 1층 101호 (화서동, 화서3단지주공아파트)",영업,편의점,37.2865065872,126.9923479956,팔달구
씨유수원SKV1점,경기도 수원시 권선구 평동 179 ,"경기도 수원시 권선구 평동로79번길 45, SK V1 motors 130호 (평동)",영업,편의점,37.2598990401,126.9927070619,권선구
지에스25시탑동새롬점,경기도 수원시 권선구 탑동 22-1 ,경기도 수원시 권선구 서둔로 253 (탑동),영업,편의점,37.2741430093,126.9786362242,권선구
씨유 인계타운점,경기도 수원시 팔달구 인계동 949-9 ,"경기도 수원시 팔달구 경수대로480번길 13, 1층 102호 (인계동)",영업,편의점,37.2688268514,127.028569825,팔달구
세븐일레븐 수원세류타운점,경기도 수원시 권선구 세류동 1094 ,"경기도 수원시 권선구 세지로28번길 31-30, 1층 일부호 (세류동)",영업,편의점,37.2553179513,127.0181215908,권선구
세븐일레븐 수원현정점,경기도 수원시 권선구 권선동 1020 ,"경기도 수원시 권선구 경수대로384번길 42, 1층 (권선동)",영업,편의점,37.2598316218,127.0264831944,권선구
이마트24 고색사랑점,경기도 수원시 권선구 고색동 395-5 ,경기도 수원시 권선구 고산로27번길 49 (고색동),영업,편의점,37.2484552766,126.9790838759,권선구
세븐일레븐 매탄한샘점,경기도 수원시 영통구 매탄동 196-66 ,"경기도 수원시 영통구 매여울로 36, 1층 (매탄동)",영업,편의점,37.271291573,127.0457099339,영통구
세븐일레븐 수원우리점,경기도 수원시 권선구 세류동 980-18 ,"경기도 수원시 권선구 정조로482번길 20, 1층 일부호 (세류동)",영업,편의점,37.2522123654,127.0125483642,권선구
세븐일레븐 호매실한양수자인점,경기도 수원시 권선구 호매실동 1361 한양수자인파크원 ,"경기도 수원시 권선구 칠보로 102, 105호 (호매실동, 한양수자인파크원)",영업,편의점,37.2641279592,126.9506005595,권선구
CU화서블루밍점,경기도 수원시 팔달구 화서동 81-48 ,"경기도 수원시 팔달구 팔달로153번길 65, 두남빌딩 1층 (화서동)",영업,편의점,37.2824736738,127.0020877923,팔달구
GS25서둔아크빌,경기도 수원시 권선구 서둔동 118-1 아크빌 ,"경기도 수원시 권선구 서호서로33번길 6-14, 1층 (서둔동, 아크빌)",영업,편의점,37.2690946975,126.9846938729,권선구
GS25수원영헌점,경기도 수원시 팔달구 인계동 1046-7 1층 ,"경기도 수원시 팔달구 효원로265번길 20, 1층 (인계동)",영업,편의점,37.2630327624,127.0313126253,팔달구
씨유 매산중앙점,경기도 수원시 팔달구 교동 142-19 ,"경기도 수원시 팔달구 매산로116번길 14, 1층 (교동)",영업,편의점,37.2706317245,127.0134898659,팔달구
지에스(GS)25 수원망포마을점,경기도 수원시 영통구 망포동 291-18 101호,"경기도 수원시 영통구 영통로173번길 23-28, 1층 101호 (망포동)",영업,편의점,37.2421048927,127.0529544282,영통구
GS25팔달유진점,경기도 수원시 팔달구 지동 73-5 ,"경기도 수원시 팔달구 중부대로 119, 1층 (지동)",영업,편의점,37.2784028193,127.0293673995,팔달구
이마트24 R 영통임광점,경기도 수원시 영통구 매탄동 1166 ,"경기도 수원시 영통구 권선로803번길 36, 1층 일부호 (매탄동)",영업,편의점,37.2570271751,127.0399203174,영통구
씨유 영통중앙점,경기도 수원시 영통구 영통동 1002-14 ,"경기도 수원시 영통구 청명남로4번길 21-15, 1층 일부호 (영통동)",영업,편의점,37.2504515502,127.0749045588,영통구
씨유 광교해링턴점,경기도 수원시 영통구 하동 1016 광교 효성해링턴 타워 ,"경기도 수원시 영통구 광교중앙로 170, 광교 효성해링턴 타워 1층 123호 (하동)",영업,편의점,37.2880507687,127.0606475494,영통구
GS25숙지공원점,경기도 수원시 팔달구 화서동 270-9 화서동 270-9 공동주택 ,"경기도 수원시 팔달구 화양로 66-3, 1층 101호 (화서동, 화서동 270-9 공동주택)",영업,편의점,37.2839810309,126.9961779225,팔달구
CU수원연무점2,경기도 수원시 팔달구 우만동 466 ,"경기도 수원시 팔달구 월드컵로 379, 1층 (우만동)",영업,편의점,37.2909238675,127.0295489036,팔달구
세븐일레븐 수원탑동점,경기도 수원시 권선구 탑동 760-1 ,"경기도 수원시 권선구 탑동로58번길 56, 1층 102호 (탑동)",영업,편의점,37.2749700232,126.9760813315,권선구
GS25우만싱싱점,경기도 수원시 팔달구 우만동 503-17 ,"경기도 수원시 팔달구 경수대로656번길 63, 1층 (우만동)",영업,편의점,37.2856496323,127.0315446715,팔달구
GS25고색거산,경기도 수원시 권선구 고색동 306-1 거산아파트 상가동 101호,"경기도 수원시 권선구 고현로5번길 25, 상가동 1층 101호 (고색동, 거산아파트)",영업,편의점,37.2480345525,126.9859423276,권선구
지에스(GS)25뉴인계원룸점,경기도 수원시 팔달구 인계동 956 다온 NOBLE ,"경기도 수원시 팔달구 장다리로283번길 9, 1층 101호 (인계동, 다온 NOBLE)",영업,편의점,37.2748645087,127.0281486709,팔달구
씨유수원곡반정점,경기도 수원시 권선구 곡반정동 584-6 씨유수원곡반정점 내 ,"경기도 수원시 권선구 경수대로54번길 99-6 (곡반정동, 씨유수원곡반정점 내)",영업,편의점,37.2353226664,127.0264899708,권선구
씨유당수해피점,경기도 수원시 권선구 당수동 276-19 ,"경기도 수원시 권선구 당진로15번길 42, 1층 (당수동)",영업,편의점,37.2916810419,126.9385653659,권선구
세븐일레븐 수원팔달원룸점,경기도 수원시 팔달구 구천동 22 ,"경기도 수원시 팔달구 중부대로12번길 2, 1층 (구천동)",영업,편의점,37.2749764304,127.0178947971,팔달구
세븐일레븐(수원영통점),경기도 수원시 영통구 영통동 1021-4 청명타운텔 ,"경기도 수원시 영통구 청명로 7 (영통동,청명타운텔)",영업,편의점,37.2484196392,127.0788962896,영통구
씨유 우만사거리점,경기도 수원시 팔달구 우만동 140-4 성원빌딩 ,"경기도 수원시 팔달구 중부대로 185, 성원빌딩 1층 (우만동)",영업,편의점,37.2773315395,127.0365706943,팔달구
지에스25 권선구청점,경기도 수원시 권선구 고색동 1176-1 103호,"경기도 수원시 권선구 호매실로 21-51, 103호 (고색동)",영업,편의점,37.2555543742,126.9720998261,권선구
CU수원경서점,경기도 수원시 팔달구 인계동 218-6 1층 ,"경기도 수원시 팔달구 중부대로106번길 34, 1층 (인계동)",영업,편의점,37.2763829427,127.0291769379,팔달구
세븐일레븐 수원권광로점,경기도 수원시 팔달구 인계동 1118-4 ,"경기도 수원시 팔달구 권광로196번길 50, 1층 (인계동)",영업,편의점,37.2641868835,127.0359745717,팔달구
지에스25 수원행리단길점,경기도 수원시 팔달구 신풍동 42-1 ,"경기도 수원시 팔달구 화서문로 48, 1층 (신풍동)",영업,편의점,37.2852150705,127.0132042178,팔달구
씨유 수원역자이서문점,경기도 수원시 팔달구 고등동 156-117 수원역푸르지오자이 ,"경기도 수원시 팔달구 고등로 15, 근린생활시설3동 지하2층 29,30호 (고등동, 수원역푸르지오자이)",영업,편의점,37.2764446576,127.0002550538,팔달구
씨유 수원시청점,경기도 수원시 팔달구 인계동 1030-13 ,"경기도 수원시 팔달구 효원로235번길 34, 1층 (인계동)",영업,편의점,37.2644181105,127.0283379133,팔달구
세븐일레븐 삼성신동점,경기도 수원시 영통구 매탄동 492-7 (1층) ,"경기도 수원시 영통구 신원로 228 (매탄동, 492-7번지 1층)",영업,편의점,37.2561672959,127.0603366039,영통구
주식회사 동문지에스,경기도 수원시 팔달구 고등동 156-117 수원역푸르지오자이 ,"경기도 수원시 팔달구 고등로 15, 근린생활시설2동 1층 26,27호 (고등동, 수원역푸르지오자이)",영업,편의점,37.2740243572,127.0013087642,팔달구
GS25 권선대신점,경기도 수원시 권선구 권선동 1274 신동아아파트 ,"경기도 수원시 권선구 권중로 136, 1층 110,111호 (권선동, 신동아아파트)",영업,편의점,37.2485200648,127.0312559435,권선구
씨유 호매실타운점,경기도 수원시 권선구 호매실동 454-2 ,"경기도 수원시 권선구 노림로15번길 26, 1층 일부호 (호매실동)",영업,편의점,37.2672937943,126.9529685891,권선구
세븐일레븐 수원터미널1호점,"경기도 수원시 권선구 권선동 1189 터미널동, 할인점동 ","경기도 수원시 권선구 경수대로 270, 터미널동, 할인점동 1층 1313호 (권선동)",영업,편의점,37.2504974396,127.0208246964,권선구
세븐일레븐(수원권선4호점),경기도 수원시 권선구 권선동 996-18 ,"경기도 수원시 권선구 세지로82번길 30, 1층 (권선동)",영업,편의점,37.2585506372,127.0195219216,권선구
세븐일레븐 수원탑건점,경기도 수원시 권선구 세류동 1039 ,,영업,편의점,37.2488116976,127.0041476917,권선구
세븐일레븐 수원능실점,경기도 수원시 권선구 호매실동 1394 호매실스위첸 ,"경기도 수원시 권선구 호매실로166번길 63, 상가동 101, 102호 (호매실동, 호매실스위첸)",영업,편의점,37.2589281267,126.9606637551,권선구
이마트24 권선센터점,경기도 수원시 권선구 권선동 1188 권선한양아파트 ,"경기도 수원시 권선구 경수대로302번길 22, 상가동 101호, 102호, 103호 (권선동, 권선한양아파트)",영업,편의점,37.2531226242,127.021349336,권선구
씨유 수원호매실점,경기도 수원시 권선구 호매실동 469-21 ,"경기도 수원시 권선구 금호로 7, 1층 일부호 (호매실동)",영업,편의점,37.2687801016,126.9527548208,권선구
지에스25 매탄그린빌점,경기도 수원시 영통구 매탄동 1285 주공그린빌 ,"경기도 수원시 영통구 동탄원천로881번길 19, 1층 102,103호 (매탄동, 주공그린빌)",영업,편의점,37.2530386348,127.0411173136,영통구
세븐일레븐 영통5단지점,경기도 수원시 영통구 영통동 964-5 상가나동 101호,"경기도 수원시 영통구 영통로290번길 25, 상가 나동 1층 101호 (영통동)",영업,편의점,37.2522539507,127.0648698446,영통구
GS25 수원센트럴자이,경기도 수원시 팔달구 인계동 847-3 ,"경기도 수원시 팔달구 인계로 21, 상가1동 1층 103호 일부호 (인계동)",영업,편의점,37.2707298964,127.0198731394,팔달구
지에스25 오목천아름점,경기도 수원시 권선구 오목천동 213-1 ,"경기도 수원시 권선구 오목천로57번길 10-21, 1층 (오목천동)",영업,편의점,37.2406083016,126.9698702653,권선구
세븐일레븐(수원정진점),경기도 수원시 팔달구 인계동 1132-21 ,경기도 수원시 팔달구 권광로124번길 27 (인계동),영업,편의점,37.2584937665,127.0323331407,팔달구
세븐일레븐 광교대학로점,경기도 수원시 영통구 이의동 1260 ,"경기도 수원시 영통구 대학1로 46, 1층 일부호 (이의동)",영업,편의점,37.2998891701,127.0447820025,영통구
세븐일레븐(수원인계2호점),경기도 수원시 팔달구 인계동 1120-5 백광빌딩 ,"경기도 수원시 팔달구 효원로291번길 53 (인계동,백광빌딩)",영업,편의점,37.263739012,127.0343984066,팔달구
세븐일레븐(수원영통4호점),경기도 수원시 영통구 영통동 985-5 ,경기도 수원시 영통구 봉영로1482번길 17-4 (영통동),영업,편의점,37.2452753731,127.0668493075,영통구
세븐일레븐 수원영통대로점,경기도 수원시 영통구 영통동 978-7 ,"경기도 수원시 영통구 영통로 215, 1층 (영통동)",영업,편의점,37.2466173928,127.0568177881,영통구
GS25 금곡자이점,경기도 수원시 권선구 금곡동 520 금곡엘지아파트 ,"경기도 수원시 권선구 금곡로73번길 71, 분산상가1동 101일부호 (금곡동, 금곡엘지아파트)",영업,편의점,37.2752904459,126.9340737486,권선구
씨유(CU) 매교중앙점,경기도 수원시 팔달구 매교동 28-15 ,"경기도 수원시 팔달구 정조로715번길 28, 1층 (매교동)",영업,편의점,37.2708125101,127.0158121758,팔달구
씨유 청명주공점,경기도 수원시 영통구 영통동 1048-6 청명마을주공아파트 ,"경기도 수원시 영통구 청명북로 67, 청명마을주공아파트 상가나동 101호 (영통동)",영업,편의점,37.2573465469,127.0797600402,영통구
씨유 영통 보보스점,경기도 수원시 영통구 영통동 996-4 1층 108호,"경기도 수원시 영통구 봉영로 1612, 1층 108호 (영통동)",영업,편의점,37.2545081228,127.074983256,영통구
세븐일레븐 수원망포역점,경기도 수원시 영통구 망포동 322-3 골든스퀘어 ,"경기도 수원시 영통구 영통로 195, 골든스퀘어 1층 132호 (망포동)",영업,편의점,37.2451623291,127.0558002667,영통구
세븐일레븐 수원원천청아점,경기도 수원시 영통구 원천동 578 ,"경기도 수원시 영통구 광교중앙로25번길 5, 1층 (원천동)",영업,편의점,37.2775595118,127.0512897164,영통구
이마트24 R수원스타필드점,경기도 수원시 팔달구 화서동 679-8 ,"경기도 수원시 팔달구 수성로157번길 7, 1층 (화서동)",영업,편의점,37.2864870979,126.9899113605,팔달구
세븐일레븐 수원망포자이점,경기도 수원시 영통구 망포동 686-103 동수원자이1차 ,"경기도 수원시 영통구 태장로82번길 32, 1층 103호 (망포동, 동수원자이1차)",영업,편의점,37.2371433088,127.0543140605,영통구
GS25인계골드,경기도 수원시 팔달구 인계동 939-11 ,"경기도 수원시 팔달구 장다리로 323, 1층 (인계동)",영업,편의점,37.2768872455,127.0313282596,팔달구
씨유(CU) 오목쌍용점,경기도 수원시 권선구 오목천동 0 ,"경기도 수원시 권선구 삼천병마로1566번길 17, 108, 109호 (오목천동)",영업,편의점,37.24448788,126.9666522525,권선구
세븐일레븐 호매실에비뉴점,경기도 수원시 권선구 금곡동 1113-3 ,"경기도 수원시 권선구 금곡로197번길 18-24, 1층 101호 (금곡동)",영업,편의점,37.2746762493,126.952982852,권선구
GS25수원서둔점,경기도 수원시 권선구 서둔동 260-29 ,"경기도 수원시 권선구 여기산로 16, 1층 (서둔동)",영업,편의점,37.2787945413,126.9787169441,권선구
씨유 수원고색중앙점,경기도 수원시 권선구 고색동 888-113 ,"경기도 수원시 권선구 서둔로 15, 1층 (고색동)",영업,편의점,37.2532805528,126.9838431108,권선구
이마트24 수원세류미영점,경기도 수원시 권선구 세류동 1147 미영아파트 ,"경기도 수원시 권선구 정조로 432, 108호 (세류동, 미영아파트)",영업,편의점,37.2480740671,127.0145257022,권선구
씨유 팔달중앙점,경기도 수원시 팔달구 중동 1-5 중동빌딩 1층 ,"경기도 수원시 팔달구 정조로 751-11, 중동빌딩 1층 (중동)",영업,편의점,37.27514828,127.0158295264,팔달구
씨유수원화서,경기도 수원시 팔달구 화서동 71-93 ,경기도 수원시 팔달구 팔달로119번길 16 (화서동),영업,편의점,37.2793670426,127.0028414746,팔달구
씨유 우만비체신생점,경기도 수원시 팔달구 우만동 473-22 ,"경기도 수원시 팔달구 경수대로692번길 11, 1층 (우만동)",영업,편의점,37.2872289126,127.0274735583,팔달구
GS25 영통럭키점,경기도 수원시 영통구 영통동 1008-1 ,"경기도 수원시 영통구 청명남로 12, 1층 (영통동)",영업,편의점,37.2510802879,127.0742808421,영통구
씨유 수원라포리엘점,경기도 수원시 권선구 당수동 336-1 ,"경기도 수원시 권선구 당수로129번길 10, 근린생활시설동 1층 101호, 102호 (당수동)",영업,편의점,37.2866123891,126.9417730768,권선구
세븐일레븐 수원고색산단점,경기도 수원시 권선구 고색동 1097 ,"경기도 수원시 권선구 산업로 182, 101호 일부호 (고색동)",영업,편의점,37.2427288174,126.9846704892,권선구
세븐일레븐 수원세류새터점,경기도 수원시 권선구 세류동 554-6 ,"경기도 수원시 권선구 새터로 9, 1층 (세류동)",영업,편의점,37.2545631453,127.0077406759,권선구
씨유수원화서영광점,경기도 수원시 팔달구 화서동 219-20 1층 ,"경기도 수원시 팔달구 동말로25번길 71, 1층 (화서동)",영업,편의점,37.2806419439,126.9952526229,팔달구
이마트24 수원행궁점,경기도 수원시 팔달구 남창동 110 ,"경기도 수원시 팔달구 행궁로 41, 1층 (남창동)",영업,편의점,37.2788331692,127.0153885573,팔달구
세븐일레븐 수원가온팰리스점,경기도 수원시 권선구 서둔동 433 가온팰리스 ,"경기도 수원시 권선구 권선로357번길 33, 가온팰리스 B동 1층 112호 (서둔동)",영업,편의점,37.2613364396,126.9915809418,권선구
세븐일레븐 오목쌍용점,경기도 수원시 권선구 오목천동 527-14 ,"경기도 수원시 권선구 삼천병마로1570번길 69, 1층 일부호 (오목천동)",영업,편의점,37.2433061247,126.9664463577,권선구
씨유뉴광교에듀점,경기도 수원시 영통구 이의동 1341-4 그린메디칼 ,"경기도 수원시 영통구 에듀타운로 24, 그린프라자 1층 105호 (이의동)",영업,편의점,37.2852161359,127.0522934066,영통구
씨유 수원구운점,경기도 수원시 권선구 구운동 493-10 ,"경기도 수원시 권선구 구운로 38, 1층 일부층 (구운동)",영업,편의점,37.2775576467,126.9741909202,권선구
씨유 오목천푸르지오점,경기도 수원시 권선구 오목천동 227-9 ,"경기도 수원시 권선구 서수원로183번길 7, 1층 (오목천동)",영업,편의점,37.2431260149,126.9684883745,권선구
이마트24경기대E스퀘어점,경기도 수원시 영통구 이의동 산 94-6 경기대학교 ,"경기도 수원시 영통구 광교산로 154-42, 경기대학교 E스퀘어동 1층 일부호 (이의동)",영업,편의점,37.3006356457,127.037375554,영통구
세븐일레븐 수원세류역점,경기도 수원시 권선구 세류동 1159 ,"경기도 수원시 권선구 정조로388번길 2, 1층 일부호 (세류동)",영업,편의점,37.2440282883,127.0148899051,권선구
GS25수원지동점,경기도 수원시 팔달구 지동 477-13 샤인파크 ,"경기도 수원시 팔달구 경수대로 657-7 (지동, 샤인파크)",영업,편의점,37.2837691871,127.0278787426,팔달구
세븐일레븐 인계스카이점,경기도 수원시 팔달구 인계동 964-23 ,"경기도 수원시 팔달구 경수대로495번길 12-3, 1층 (인계동)",영업,편의점,37.2706056284,127.0270699106,팔달구
GS25 서수원참누리점,경기도 수원시 권선구 서둔동 238-6 ,"경기도 수원시 권선구 수인로161번길 24, 1층 일부호 (서둔동)",영업,편의점,37.2749252253,126.9802325319,권선구
세븐일레븐 매탄삼성교점,경기도 수원시 영통구 매탄동 815-5 ,경기도 수원시 영통구 인계로 293-1 (매탄동),영업,편의점,37.2632390124,127.0496153422,영통구
씨유 수원매산로점,경기도 수원시 팔달구 매산로2가 26-20 ,"경기도 수원시 팔달구 갓매산로 65, 1층 (매산로2가)",영업,편의점,37.2696532393,127.0036046366,팔달구
세븐일레븐 수원등기국점,경기도 수원시 영통구 영통동 961-6 영통트리플렉스 ,"경기도 수원시 영통구 매영로345번길 7, 영통트리플렉스 1층 131호 (영통동)",영업,편의점,37.252771725,127.0708997024,영통구
씨유 화서행복로또점,경기도 수원시 팔달구 화서동 134-1 ,"경기도 수원시 팔달구 화양로 10, 1층 (화서동)",영업,편의점,37.2796111232,126.9987338391,팔달구
세븐일레븐 수원신원로점,경기도 수원시 영통구 신동 334-41 우크빌 S동 ,"경기도 수원시 영통구 신원로136번길 30, 우크빌 S동 지1층 (신동)",영업,편의점,37.2480705629,127.0549262487,영통구
지에스25 영통반달공원점,경기도 수원시 영통구 영통동 1014-15 ,"경기도 수원시 영통구 영일로 26, 1층 101호 (영통동)",영업,편의점,37.2496295898,127.0769501076,영통구
씨유(CU) 수원고등타운점,경기도 수원시 팔달구 고등동 54-34 ,"경기도 수원시 팔달구 고등로71번길 19-1, 1층 (고등동)",영업,편의점,37.2742547026,127.0046459779,팔달구
이마트24R 수원상송점,경기도 수원시 권선구 오목천동 946 상송마을주공아파트 ,"경기도 수원시 권선구 오목천로 15, 상가동 101호 (오목천동, 상송마을주공아파트)",영업,편의점,37.2407733916,126.9644911747,권선구
씨유 경기도청점,경기도 수원시 팔달구 고등동 3-5 성원타운 ,"경기도 수원시 팔달구 고화로 100, 가동 101호 (고등동, 성원타운)",영업,편의점,37.2783288645,127.0067737821,팔달구
세븐일레븐 수원오목청구점,경기도 수원시 권선구 오목천동 381 청구2차아파트 ,"경기도 수원시 권선구 매송고색로506번길 17, 상가동 1층 107,108호 (오목천동, 청구2차아파트)",영업,편의점,37.2438712478,126.9618534669,권선구
지에스25고색태산,경기도 수원시 권선구 고색동 385-3 ,"경기도 수원시 권선구 매송고색로691번길 6, 1층 (고색동)",영업,편의점,37.2510197198,126.980103616,권선구
씨유 영통푸르지오점,경기도 수원시 영통구 망포동 234-9 영통푸르지오트레센츠 ,"경기도 수원시 영통구 태장로36번길 8, 1층 105,106,107호 (망포동, 영통푸르지오트레센츠)",영업,편의점,37.237297342,127.0497584511,영통구
세븐일레븐 영통2단지점,경기도 수원시 영통구 영통동 948-4 영통 센트럴파크뷰 ,"경기도 수원시 영통구 영통로514번길 53, 상가동 1층 101호 (영통동, 영통 센트럴파크뷰)",영업,편의점,37.2648666466,127.0804513356,영통구
GS25 광교대림점,경기도 수원시 영통구 이의동 1326 e편한세상 광교 ,"경기도 수원시 영통구 센트럴타운로 76, 2동 1층 103호 (이의동, e편한세상 광교)",영업,편의점,37.2905660258,127.0559170635,영통구
씨유 뉴수원역자이남문점,경기도 수원시 팔달구 고등동 310 수원역푸르지오자이 ,"경기도 수원시 팔달구 고등로 15, 근린생활시설1동 지1층 1호 (고등동, 수원역푸르지오자이)",영업,편의점,37.273331607,126.9994860766,팔달구
씨유 수원수정점,경기도 수원시 팔달구 고등동 64-5 ,"경기도 수원시 팔달구 고매로19번길 4, 1층 (고등동)",영업,편의점,37.2714525817,127.0049350348,팔달구
씨유 뉴동수원사거리점,경기도 수원시 팔달구 인계동 939 신동아 파스텔 ,"경기도 수원시 팔달구 경수대로 584, 신동아 파스텔 1층 101-1호 (인계동)",영업,편의점,37.2776720183,127.0314700344,팔달구
세븐일레븐 매산타워점,경기도 수원시 팔달구 교동 149-2 ,"경기도 수원시 팔달구 매산로 102, 1층 107호 (교동)",영업,편의점,37.270482261,127.0122163068,팔달구
GS25인계예술점,경기도 수원시 팔달구 인계동 1122-10 삼호파크타워 ,"경기도 수원시 팔달구 효원로 303, 삼호파크타워 1층 105호 (인계동)",영업,편의점,37.2613172429,127.0351576357,팔달구
지에스 세류유천점,경기도 수원시 권선구 세류동 476-9 ,"경기도 수원시 권선구 정조로565번길 3, 1층 (세류동)",영업,편의점,37.259494795,127.0123435563,권선구
GS THE FRESH 수원 매탄점,경기도 수원시 영통구 매탄동 1352 매탄 위브 하늘채 ,"경기도 수원시 영통구 효원로 363, 303 상가 B1층 일부호 (매탄동, 매탄 위브 하늘채)",영업,편의점,37.2609646021,127.04181355,영통구
세븐일레븐 수원오목천점,경기도 수원시 권선구 오목천동 558-7 ,"경기도 수원시 권선구 오목천로 54, 1층 101,102 일부호 (오목천동)",영업,편의점,37.239709175,126.968365801,권선구
지에스25 수원금호로,경기도 수원시 권선구 호매실동 81-1 ,"경기도 수원시 권선구 금호로 62, 1층 (호매실동)",영업,편의점,37.2698691767,126.9582848427,권선구
세븐일레븐 구운르본느점,경기도 수원시 권선구 구운동 955-4 ,"경기도 수원시 권선구 구운로47번길 60, 1층 (구운동)",영업,편의점,37.2779355335,126.9699921172,권선구
CU 매탄산남점,경기도 수원시 영통구 매탄동 111-113 ,"경기도 수원시 영통구 매봉로35번길 51, 1층 (매탄동)",영업,편의점,37.2718129689,127.0500605567,영통구
씨유수원천담점,경기도 수원시 팔달구 인계동 1116-10 ,"경기도 수원시 팔달구 권광로196번길 43-20, 1층 101호 (인계동)",영업,편의점,37.2651704406,127.0362392128,팔달구
GS25 호반프라자점,경기도 수원시 영통구 원천동 607-1 103호,"경기도 수원시 영통구 월드컵로87번길 7, 호반프라자 1층 103호 (원천동)",영업,편의점,37.2737860966,127.0545831553,영통구
씨유 광교웰빙타운점,경기도 수원시 영통구 이의동 1204-8 102호,"경기도 수원시 영통구 웰빙타운로49번길 36, 에코프라자 1층 102호 (이의동)",영업,편의점,37.3039452759,127.0470933332,영통구
세븐일레븐 수원세권로점,경기도 수원시 권선구 권선동 1330 권선자이 이편한세상 ,"경기도 수원시 권선구 권광로 55, 상가동 117호 (권선동, 권선자이 이편한세상)",영업,편의점,37.2528439957,127.0260307717,권선구
세븐일레븐 팔달우만점,경기도 수원시 팔달구 우만동 559 ,"경기도 수원시 팔달구 팔달문로140번길 38, 1층 (우만동)",영업,편의점,37.280846448,127.0318564552,팔달구
세븐일레븐 수원벤처밸리점,경기도 수원시 권선구 고색동 958 고색동 첨단벤처밸리 ,"경기도 수원시 권선구 오목천로152번길 40, 고색동 첨단벤처밸리 1층 108호 (고색동)",영업,편의점,37.2429220903,126.9773518137,권선구
씨유(CU)수원팔달초점,경기도 수원시 팔달구 우만동 147-18 ,"경기도 수원시 팔달구 권광로367번길 27, 1층 103호 (우만동)",영업,편의점,37.27879799,127.0358510513,팔달구
씨유 화서프리미엄점,경기도 수원시 팔달구 화서동 181-5 ,"경기도 수원시 팔달구 동말로48번길 26, 1층 (화서동)",영업,편의점,37.277595309,126.9995142468,팔달구
세븐일레븐 수원곡반대로점,경기도 수원시 권선구 곡반정동 550-3 ,"경기도 수원시 권선구 곡반정로 137, 1층 일부호 (곡반정동)",영업,편의점,37.240176805,127.0321870206,권선구
GS25수원은혜점,경기도 수원시 권선구 권선동 1286-2 1층 ,"경기도 수원시 권선구 세권로 304, 1층 (권선동)",영업,편의점,37.2521127527,127.0371424241,권선구
이마트24 R팔달힐스테이트점,경기도 수원시 팔달구 매산로3가 69-5 ,경기도 수원시 팔달구 매산로92번길 12 (매산로3가),영업,편의점,37.2693669209,127.0106106365,팔달구
세븐일레븐 권선중앙점,경기도 수원시 권선구 권선동 972-10 1층 ,"경기도 수원시 권선구 장다리로 109, 1층 (권선동)",영업,편의점,37.2598848308,127.0217801979,권선구
세븐일레븐 수원3산업단지점,경기도 수원시 권선구 고색동 1143 ,"경기도 수원시 권선구 산업로156번길 88-34, 1층 103호 (고색동)",영업,편의점,37.2354532896,126.9843818055,권선구
이마트24 수원센트라우스점,경기도 수원시 권선구 서둔동 17-65 정안빌딩 ,"경기도 수원시 권선구 세화로168번길 12, 정안빌딩 1층 102호, 103호, 104호 (서둔동)",영업,편의점,37.2667285207,126.9940936051,권선구
씨유 권선센트럴점,경기도 수원시 권선구 세류동 252-9 ,"경기도 수원시 권선구 세류로 15, 1층 (세류동)",영업,편의점,37.262079951,127.0053798314,권선구
지에스25 서수원도서관점,경기도 수원시 권선구 탑동 753-10 ,"경기도 수원시 권선구 탑동로57번길 38, 성우그린빌 101호 (탑동)",영업,편의점,37.2737792048,126.9718034046,권선구
지에스 GS25 망포벽산점,경기도 수원시 영통구 망포동 485-16 1층 ,"경기도 수원시 영통구 영통로90번길 12, 1층 (망포동)",영업,편의점,37.2376509249,127.0598917371,영통구
GS25 세류버드내,경기도 수원시 권선구 세류동 464-1 ,"경기도 수원시 권선구 정조로543번길 17, 1층 (세류동)",영업,편의점,37.2580094748,127.0106390148,권선구
세븐일레븐 수원세류은정점,경기도 수원시 권선구 세류동 1147-3 ,"경기도 수원시 권선구 정조로398번길 11-27, 나동 1층 (세류동)",영업,편의점,37.2458533074,127.0159155321,권선구
GS세류타운점,경기도 수원시 권선구 세류동 590-11 ,"경기도 수원시 권선구 정조로443번길 3, 1층 (세류동)",영업,편의점,37.248822835,127.0124799938,권선구
지에스25 권선SK점,경기도 수원시 권선구 권선동 1035 권선 SK VIEW 110동 104호,"경기도 수원시 권선구 권선로694번길 26, 110동 1층 104호 (권선동, 권선 SK VIEW)",영업,편의점,37.2583721196,127.026672765,권선구
씨유 권선타운점,경기도 수원시 권선구 권선동 1263 신우아파트 ,"경기도 수원시 권선구 권중로 82, 상가2동 1층 일부호 (권선동, 신우아파트)",영업,편의점,37.2503941812,127.0287861751,권선구
세븐일레븐 수원세류희망점,경기도 수원시 권선구 세류동 1104-3 1층 ,"경기도 수원시 권선구 세지로28번길 50, 1층 (세류동)",영업,편의점,37.2536872017,127.0183124007,권선구
세븐일레븐 수원칠보9단지점,"경기도 수원시 권선구 호매실동 1352 칠보마을9단지 상가1동 103,104호 ","경기도 수원시 권선구 금곡로140번길 73, 상가1동 103,104호 (호매실동, 칠보마을9단지)",영업,편의점,37.2704042246,126.9453553845,권선구
세븐일레븐 수원호매실점,경기도 수원시 권선구 호매실동 1371 호매실마을13단지 상가동 101호,"경기도 수원시 권선구 호매실로218번길 111, 상가동 101호 (호매실동, 호매실마을13단지)",영업,편의점,37.2654728438,126.9607975342,권선구
GS비즈타워점,경기도 수원시 권선구 호매실동 1405-2 ,"경기도 수원시 권선구 호매실로90번길 24, 1층 145호 (호매실동)",영업,편의점,37.2567006744,126.9644122789,권선구
씨유 수원이오스점,경기도 수원시 권선구 권선동 1023-2 이오스 오피스텔 ,"경기도 수원시 권선구 권광로 145, 1층 104호 (권선동, 이오스 오피스텔)",영업,편의점,37.2607782587,127.0310559354,권선구
씨유(CU) 서둔골드점,경기도 수원시 권선구 서둔동 436 수원역 골드스테이션 이스턴 ,"경기도 수원시 권선구 권선로357번길 54, 수원역 골드스테이션 이스턴 106호 (서둔동)",영업,편의점,37.2620041778,126.9917456183,권선구
씨유 권선스타점,경기도 수원시 권선구 권선동 1016-5 ,"경기도 수원시 권선구 권선로699번길 24-22, 101호 (권선동)",영업,편의점,37.2595900308,127.0291912654,권선구
GS25매탄삼천리점,경기도 수원시 영통구 매탄동 1178-7 ,"경기도 수원시 영통구 동수원로286번길 13-2, 1층 (매탄동)",영업,편의점,37.2549700668,127.0371136668,영통구
씨유 영통대우동신점,경기도 수원시 영통구 영통동 956-2 대우.동신아파트 ,"경기도 수원시 영통구 영통로 460, 103,104호 (영통동, 대우.동신아파트)",영업,편의점,37.260145057,127.0758763339,영통구
씨유 팔달행궁점,경기도 수원시 팔달구 팔달로1가 7-8 ,"경기도 수원시 팔달구 정조로810번길 5, 1층 (팔달로1가)",영업,편의점,37.2804443812,127.0170364508,팔달구
GS25구운성원점,경기도 수원시 권선구 구운동 918-10 명수빌딩 102호,"경기도 수원시 권선구 일월천로4번길 54, 명수빌딩 1층 102호 (구운동)",영업,편의점,37.2824569993,126.9752736273,권선구
씨유수원메르디앙점,경기도 수원시 팔달구 우만동 552-21 ,"경기도 수원시 팔달구 중부대로143번길 81, 1층 (우만동)",영업,편의점,37.2818421883,127.0329219494,팔달구
GS25서둔센트럴점,경기도 수원시 권선구 서둔동 17-745 JS TOWER ,"경기도 수원시 권선구 권선로381번길 13, JS TOWER 107(일부)호 (서둔동)",영업,편의점,37.2621976246,126.9927142006,권선구
세븐일레븐 담소마루 경제과학진흥원점,경기도 수원시 영통구 이의동 906-5 경기도중소기업지원센터 ,"경기도 수원시 영통구 광교로 107, 경기도중소기업지원센터 지하1층 (이의동)",영업,편의점,37.2922832356,127.0429098579,영통구
씨유 고색태산점,경기도 수원시 권선구 고색동 886-125 1층 101호,"경기도 수원시 권선구 서부로1596번길 10, 1층 101호 (고색동)",영업,편의점,37.2514998729,126.9765596217,권선구
세븐일레븐경기대교육관점,경기도 수원시 영통구 이의동 산 94-6 경기대학교 ,"경기도 수원시 영통구 광교산로 154-42, 경기대학교 미래관 1층 일부호 (이의동)",영업,편의점,37.2996025763,127.0336809582,영통구
세븐일레븐(수원인계5호점),경기도 수원시 팔달구 인계동 953-12 ,경기도 수원시 팔달구 경수대로565번길 9 (인계동),영업,편의점,37.2762131173,127.0295389495,팔달구
지에스(GS)25 광교원천점,경기도 수원시 영통구 원천동 559 광교원천 경기행복주택 ,"경기도 수원시 영통구 광교중앙로49번길 40, 근린생활시설201동 1층 103호104호 중 일부호 (원천동, 광교원천 경기행복주택)",영업,편의점,37.2806468959,127.0501320602,영통구
씨유 영통테크트리점,경기도 수원시 영통구 신동 478-6 테크트리 영통 지식산업센터 ,"경기도 수원시 영통구 신원로 55, 테크트리 영통 지식산업센터 1층 129호 130호 중 일부호 (신동)",영업,편의점,37.2487558667,127.0478523397,영통구
세븐일레븐 수원권선SK점,경기도 수원시 권선구 권선동 1038 ,"경기도 수원시 권선구 권선로720번길 13, 1층 (권선동)",영업,편의점,37.2576093851,127.0298012755,권선구
세븐일레븐(수원인계3호점),"경기도 수원시 팔달구 인계동 1040-4 외2필지(1040-5,1040-11) ","경기도 수원시 팔달구 인계로138번길 36 (인계동,외2필지(1040-5,1040-11))",영업,편의점,37.2655583457,127.031736824,팔달구
GS25원천삼성,경기도 수원시 영통구 원천동 224-3 ,"경기도 수원시 영통구 중부대로448번길 29, 1층 (원천동)",영업,편의점,37.268093515,127.062974138,영통구
지에스(GS)25 영통한아름점,경기도 수원시 영통구 매탄동 1277 주공그린빌 ,"경기도 수원시 영통구 동탄원천로915번길 36, 상가동 1층 106호 106-1호 중 일부호 (매탄동, 주공그린빌)",영업,편의점,37.2566897363,127.0435648088,영통구
세븐일레븐 광교파인렉스점,"경기도 수원시 영통구 이의동 1257-4 1층  110,111호 ","경기도 수원시 영통구 대학3로4번길 2, 1층 110,111호 (이의동)",영업,편의점,37.2996303957,127.0431249154,영통구
씨유수원이노플렉스점,경기도 수원시 영통구 원천동 554 영통 이노플렉스-2단지 ,"경기도 수원시 영통구 신원로 304, 영통 이노플렉스-2단지 3동 1층 105호 (원천동)",영업,편의점,37.2622271848,127.0610118775,영통구
GS25 광교힐스점,경기도 수원시 영통구 하동 1021 힐스테이트 광교 127호,"경기도 수원시 영통구 센트럴파크로 6, 127호 (하동, 힐스테이트 광교)",영업,편의점,37.2842382111,127.0656220825,영통구
씨유 수원아메리카노점,경기도 수원시 권선구 곡반정동 597-11 ,"경기도 수원시 권선구 곡반정로33번길 2, 1층 우측호 (곡반정동)",영업,편의점,37.2329941381,127.0257604915,권선구
GS25 곡반프리미엄점,경기도 수원시 권선구 곡반정동 593-9 ,"경기도 수원시 권선구 곡반정로65번길 15, 1층 (곡반정동)",영업,편의점,37.234570507,127.0277460446,권선구
세븐일레븐 망포원룸점,경기도 수원시 영통구 망포동 527-1 ,"경기도 수원시 영통구 영통로90번길 47, 1층 일부호 (망포동)",영업,편의점,37.239107553,127.0589136796,영통구
씨유 수원세류사랑점,경기도 수원시 권선구 세류동 1155-3 ,"경기도 수원시 권선구 경수대로191번길 12, 1층 (세류동)",영업,편의점,37.244441329,127.016702543,권선구
세븐일레븐 수원테마거리점,경기도 수원시 팔달구 인계동 1126-7 ,"경기도 수원시 팔달구 효원로292번길 33-22, 1층 (인계동)",영업,편의점,37.2598688363,127.0335877047,팔달구
GS25 수원리버파크점,경기도 수원시 권선구 권선동 1304 매탄권선역 리버파크 ,"경기도 수원시 권선구 세권로 334, 상가동 104호 (권선동, 매탄권선역 리버파크)",영업,편의점,37.2509511181,127.0397542964,권선구
이마트24 R탑동가온점,경기도 수원시 권선구 탑동 790-2 1층 ,"경기도 수원시 권선구 탑동로48번길 12, 1층 (탑동)",영업,편의점,37.2731888401,126.9748529485,권선구
지에스25(GS25) 세류3동점,경기도 수원시 권선구 세류동 162-14 1층 ,"경기도 수원시 권선구 정조로 578, 1층 (세류동)",영업,편의점,37.2604543313,127.0133297856,권선구
세븐일레븐 영통9단지점,경기도 수원시 영통구 영통동 969-1 삼성.태영 아파트 ,"경기도 수원시 영통구 봉영로1517번길 73, 상가동 1층 108,109호 (영통동, 삼성.태영 아파트)",영업,편의점,37.2497382338,127.0646475181,영통구
세븐일레븐 광교두산위브점,"경기도 수원시 영통구 원천동 556 광교두산위브 노인복지주택, 지2층 105호","경기도 수원시 영통구 광교중앙로 55, 광교두산위브 노인복지주택 상가동 지2층 105호 (원천동)",영업,편의점,37.2803626527,127.0512392347,영통구
지에스25인계복개천점,경기도 수원시 팔달구 인계동 967 1층 ,"경기도 수원시 팔달구 경수대로479번길 19, 1층 (인계동)",영업,편의점,37.2691775383,127.0260975908,팔달구
세븐일레븐 영통1단지점,경기도 수원시 영통구 영통동 955-6 황골주공1단지 상가동 104호 ,"경기도 수원시 영통구 영통로514번길 52, 상가 나동 1층 104호 (영통동)",영업,편의점,37.2644533708,127.0808370828,영통구
세븐일레븐 매탄삼성점,경기도 수원시 영통구 매탄동 372-20 ,"경기도 수원시 영통구 신원로 295, 1층 101호 (매탄동)",영업,편의점,37.2618639978,127.0603034916,영통구
세븐일레븐 광교더샵점,"경기도 수원시 영통구 원천동 604 광교더샵 상가동 122,3호","경기도 수원시 영통구 광교호수로 15, 상가동 1층 122,123호 (원천동, 광교더샵)",영업,편의점,37.2717528082,127.0628740336,영통구
세븐일레븐 수원구운중앙점,경기도 수원시 권선구 구운동 475-9 ,"경기도 수원시 권선구 구운로86번길 30, 1층 일부호 (구운동)",영업,편의점,37.2803078039,126.9743973969,권선구
씨유 인계태산점,경기도 수원시 팔달구 인계동 1113-5 ,"경기도 수원시 팔달구 효원로265번길 54, 태산W타워 1층 104호 (인계동)",영업,편의점,37.2643511757,127.0319134691,팔달구
이마트24 광교아이엠센터점,경기도 수원시 영통구 원천동 587-2 IM CENTER 106d호,"경기도 수원시 영통구 월드컵로 76, IM CENTER 1층 106d호 (원천동)",영업,편의점,37.2743672145,127.0557076859,영통구
지에스25 수원월드점,경기도 수원시 팔달구 우만동 600 월드메르디앙 아파트 ,"경기도 수원시 팔달구 권광로 373, 분산상가동 1층 102호 (우만동, 월드메르디앙 아파트)",영업,편의점,37.2809521005,127.0335027563,팔달구
GS25신동래미안점,경기도 수원시 영통구 신동 939 래미안 영통마크원 1단지 ,"경기도 수원시 영통구 권선로908번길 72, 110동 1층 104 일부호 (신동, 래미안 영통마크원 1단지)",영업,편의점,37.2455264375,127.0425271711,영통구
씨유수원매곡로점,경기도 수원시 권선구 금곡동 1135-5 ,"경기도 수원시 권선구 서수원로523번길 30-17, 1층 (금곡동)",영업,편의점,37.2712451609,126.9575982424,권선구
지에스더프레시(GS the fresh) 수원팔달점,경기도 수원시 팔달구 매교동 287-110 ,"경기도 수원시 팔달구 효원로93번길 33, 힐스테이트 푸르지오 수원아파트 단지내 상가 1동 1층 101호,102호,103호,104호 (매교동)",영업,편의점,0.0,0.0,팔달구
GS25수원평동점,경기도 수원시 권선구 평동 10-31 ,"경기도 수원시 권선구 평동로 90, 1층 일부호 (평동)",영업,편의점,37.258923351,126.9943036924,권선구
씨유 팔달블루밍점,경기도 수원시 팔달구 화서동 250-4 블루밍 푸른숲 아파트 ,"경기도 수원시 팔달구 화양로50번길 30, 1층 104,105호 (화서동, 블루밍 푸른숲 아파트)",영업,편의점,37.2832055163,126.998224924,팔달구
씨유화서진흥점,경기도 수원시 팔달구 화서동 706 꽃뫼버들마을 진흥아파트 ,"경기도 수원시 팔달구 화산로 57, 상가동 1층 101호 (화서동, 꽃뫼버들마을 진흥아파트)",영업,편의점,37.2893477044,126.9844091194,팔달구
씨유 영통매원점,경기도 수원시 영통구 매탄동 205 ,"경기도 수원시 영통구 매원로11번길 32, 1층 (매탄동)",영업,편의점,37.2679384282,127.0480760241,영통구
씨유수원역비발디점,경기도 수원시 권선구 서둔동 0 수원역 한라비발디 퍼스트 ,"경기도 수원시 권선구 세화로154번길 7-10, 102동 1층 127호 (서둔동, 수원역 한라비발디 퍼스트)",영업,편의점,37.2649468475,126.9948160449,권선구
씨유 성일프리미엄점,경기도 수원시 영통구 매탄동 1199 성일아파트 1층 상가동 104호,"경기도 수원시 영통구 동탄원천로1109번길 42, 상가동 1층 104호 (매탄동, 원천성일아파트)",영업,편의점,37.2702673999,127.0561152609,영통구
세븐일레븐 수원매탄점,경기도 수원시 영통구 매탄동 199-8 ,"경기도 수원시 영통구 매여울로 7, 1층 일부호 (매탄동)",영업,편의점,37.2702471074,127.0483667568,영통구
세븐일레븐세류베스트점,경기도 수원시 권선구 세류동 579-16 1층 ,"경기도 수원시 권선구 정조로443번길 41, 1층 (세류동)",영업,편의점,37.2501148131,127.0110170776,권선구
씨유(CU) 서둔5번가점,경기도 수원시 권선구 서둔동 24-90 101호,"경기도 수원시 권선구 권선로381번길 1, 1층 101호 (서둔동)",영업,편의점,37.2613162644,126.9931824922,권선구
GS25 수원당수,"경기도 수원시 권선구 당수동 232-6 104,105호 ","경기도 수원시 권선구 당진로 17, 104,105호 (당수동)",영업,편의점,37.2907608208,126.9402983402,권선구
씨유 수원신동타운점,경기도 수원시 영통구 신동 933-1 ,"경기도 수원시 영통구 권선로882번길 31-31, 1층 일부호 (신동)",영업,편의점,37.248065611,127.0441467858,영통구
세븐일레븐 광교아르데코점,경기도 수원시 영통구 이의동 1358 광교아르데코 103호,"경기도 수원시 영통구 광교로42번길 80, 1층 103호 (이의동, 광교아르데코 )",영업,편의점,37.28623242,127.0446048125,영통구
씨유 광교레이크점,경기도 수원시 영통구 하동 1021 힐스테이트 광교 ,"경기도 수원시 영통구 센트럴파크로 6, 301동 지2층 148호 (하동, 힐스테이트 광교)",영업,편의점,37.2842382111,127.0656220825,영통구
세븐일레븐 수원영통2호점,경기도 수원시 영통구 영통동 1033-8 ,"경기도 수원시 영통구 청명북로 8, 1층 일부호 (영통동)",영업,편의점,37.2522884849,127.0794160186,영통구
GS25  수원신미주점,경기도 수원시 팔달구 인계동 375-11 태화빌딩 ,"경기도 수원시 팔달구 권광로276번길 31, 태화빌딩 1층 (인계동)",영업,편의점,37.272026254,127.0375732246,팔달구
세븐일레븐 수원힐스테이트점,경기도 수원시 팔달구 매교동 287-110 ,"경기도 수원시 팔달구 효원로93번길 33, 힐스테이트푸르지오상가 2동 110호 (매교동)",영업,편의점,37.2683307749,127.0129069032,팔달구
씨유 권선중앙점,경기도 수원시 권선구 권선동 973-5 ,"경기도 수원시 권선구 세지로94번길 45, 1층 (권선동)",영업,편의점,37.2594391917,127.02080189,권선구
이마트24 R영통자이점,경기도 수원시 영통구 망포동 800 영통자이 ,"경기도 수원시 영통구 영통로89번길 83, 1층 102,103 일부호 (망포동, 영통자이)",영업,편의점,37.2340434109,127.0545577796,영통구
씨유 팔달행궁매향점,경기도 수원시 팔달구 매향동 124-18 ,"경기도 수원시 팔달구 창룡대로 65-3, 1층 (매향동)",영업,편의점,37.284700321,127.0218149896,팔달구
이마트24 수원청광점,경기도 수원시 권선구 권선동 1010-1 청광 노블하임 ,"경기도 수원시 권선구 경수대로 408, 청광 노블하임 1층 106(일부)호 (권선동)",영업,편의점,37.2626488079,127.0254392791,권선구
씨유 매탄성일W점,경기도 수원시 영통구 매탄동 810-4 매탄성일아파트 ,"경기도 수원시 영통구 인계로 239, 상가동 7, 8호 (매탄동, 매탄성일아파트)",영업,편의점,37.264989046,127.0429057047,영통구
GS25 수원율현점,경기도 수원시 팔달구 화서동 725-3 리더스빌딩 1층 ,"경기도 수원시 팔달구 일월로22번길 10, 리더스빌딩 1층 (화서동)",영업,편의점,37.2854285314,126.9807130764,팔달구
씨유 광교유니코어점,경기도 수원시 영통구 이의동 1351-6 유니코어 106호,"경기도 수원시 영통구 도청로 95, 유니코어 106호 (이의동)",영업,편의점,37.2909225156,127.0477016625,영통구
세븐일레븐우만신성점,경기도 수원시 팔달구 우만동 139-5 ,"경기도 수원시 팔달구 중부대로 189, 1층 (우만동)",영업,편의점,37.2771711905,127.0370567153,팔달구
세븐일레븐 수원신원로점,경기도 수원시 영통구 신동 334-41 ,"경기도 수원시 영통구 신원로136번길 30, 지하1층 일부호 (신동)",영업,편의점,37.2480705629,127.0549262487,영통구
이마트24R고색산단점,경기도 수원시 권선구 고색동 1098 ,"경기도 수원시 권선구 산업로 190, 주건축물제2동 1층 (고색동)",영업,편의점,37.2425791634,126.9854945666,권선구
세븐일레븐 우만주공스카이점,경기도 수원시 팔달구 우만동 28 주공아파트 ,"경기도 수원시 팔달구 중부대로223번길 102, 상가동 1층 101호 (우만동, 주공아파트)",영업,편의점,37.2815201606,127.0381468585,팔달구
세븐일레븐 팔달신우점,경기도 수원시 팔달구 화서동 206-4 ,"경기도 수원시 팔달구 화양로29번길 2, 1층 (화서동)",영업,편의점,37.2808293718,126.996932163,팔달구
세븐일레븐 영통7단지점,"경기도 수원시 영통구 영통동 988-2 살구골 진덕,서광,성지,동아 아파트 ","경기도 수원시 영통구 봉영로 1526, 어린이집동 1층 101호 중 일부호 (영통동, 살구골 진덕,서광,성지,동아 아파트)",영업,편의점,37.2484345365,127.0704958217,영통구
이마트24 수원동남점,경기도 수원시 권선구 평동 151 평동동남아파트 ,"경기도 수원시 권선구 권선로436번길 21, 상가동 101호 (평동, 평동동남아파트)",영업,편의점,37.2625469026,127.000662675,권선구
GS25 수원고색본점,경기도 수원시 권선구 고색동 7-92 ,"경기도 수원시 권선구 서둔로 10, 1층 (고색동)",영업,편의점,37.2527955831,126.9842523659,권선구
세븐일레븐 권선꿈에그린점,경기도 수원시 권선구 오목천동 1180 수원권선 꿈에그린 아파트 ,"경기도 수원시 권선구 서수원로 99, 309(근린생활시설1)동 105,106호 (오목천동, 수원권선 꿈에그린 아파트)",영업,편의점,37.2358955185,126.9742549438,권선구
세븐일레븐(수원권선2호점),경기도 수원시 권선구 권선동 1197-7 ,경기도 수원시 권선구 덕영대로1217번길 25-2 (권선동),영업,편의점,37.2500332619,127.0241878544,권선구
GS25권선삼정,경기도 수원시 권선구 당수동 216 ,"경기도 수원시 권선구 당수로 203, 가동 1층 (당수동)",영업,편의점,37.2900311951,126.9442298217,권선구
GS25 수원팅스점,경기도 수원시 팔달구 매산로1가 115-1 1층 ,"경기도 수원시 팔달구 덕영대로895번길 41, 1층 (매산로1가)",영업,편의점,37.2701290724,127.0010073684,팔달구
GS25 뉴영통파크캐슬점,경기도 수원시 영통구 망포동 766 영통아이파크캐슬1단지 ,"경기도 수원시 영통구 덕영대로 1410, 상가A동 1층 108,109호 (망포동, 영통아이파크캐슬1단지)",영업,편의점,37.2438838732,127.0443410987,영통구
GS25 수원고색역,경기도 수원시 권선구 고색동 52-8 ,"경기도 수원시 권선구 고색로54번길 2, 1층 (고색동)",영업,편의점,37.2500753329,126.9826359038,권선구
GS25 권선명당점,경기도 수원시 권선구 권선동 1283-2 도원주택 ,"경기도 수원시 권선구 세권로315번길 33-4, 도원주택 1층 (권선동)",영업,편의점,37.2528924257,127.0382878404,권선구
이마트24 수원진우점,경기도 수원시 팔달구 지동 138-3 진우아파트 ,"경기도 수원시 팔달구 팔달문로 82, 진우아파트 상가동 101~104호 (지동)",영업,편의점,37.2802368987,127.0259154554,팔달구
GS25고색밸리,경기도 수원시 권선구 고색동 1152 수원벤처밸리Ⅱ A-117호 ,"경기도 수원시 권선구 산업로156번길 142-10, 1층 A-117호 (고색동, 수원벤처밸리Ⅱ)",영업,편의점,37.2384099802,126.9864812076,권선구
씨유 수원세종타운점,경기도 수원시 권선구 금곡동 1118-1 세종타운721 ,"경기도 수원시 권선구 금곡로 204, 세종타운721 1층 121호 (금곡동)",영업,편의점,37.2736954342,126.9533508895,권선구
씨유 수원당수2단지점,경기도 수원시 권선구 금곡동 861 ,"경기도 수원시 권선구 당수1로 15, 상가동 1층 3,4호 (금곡동)",영업,편의점,37.2803412898,126.9442333976,권선구
씨유 영통하임점,경기도 수원시 영통구 원천동 300-3 신미주아파트 ,"경기도 수원시 영통구 삼성로 308, 상가동 102호 일부호 (원천동, 신미주아파트)",영업,편의점,37.2671092663,127.0674122629,영통구
이마트24 R당수행복점,경기도 수원시 권선구 당수동 388-19 ,"경기도 수원시 권선구 당수로130번길 13, LH 수원당수1단지 근린생활시설동 105, 106호 (당수동)",영업,편의점,37.2868216774,126.9441067703,권선구
CU권선자이점,경기도 수원시 권선구 권선동 1330 권선자이 이편한세상 ,"경기도 수원시 권선구 권광로 55, 상가A동 102호 (권선동, 권선자이 이편한세상)",영업,편의점,37.2528439957,127.0260307717,권선구
지에스25 경기대후문점,경기도 수원시 영통구 이의동 1276-7 ,"경기도 수원시 영통구 대학1로 8, 1층 (이의동)",영업,편의점,37.297383198,127.0424163972,영통구
GS25 영통원천빌점,경기도 수원시 영통구 원천동 615-7 ,"경기도 수원시 영통구 월드컵로97번길 35, 1층 (원천동)",영업,편의점,37.2741442049,127.0515468574,영통구
세븐일레븐 오목푸르지오점,경기도 수원시 권선구 오목천동 314-22 ,"경기도 수원시 권선구 삼천병마로1598번길 52, 1층 일부호 (오목천동)",영업,편의점,37.2462972892,126.966120836,권선구
미니스톱영통뉴월드,경기도 수원시 영통구 영통동 960-3 (109호) ,"경기도 수원시 영통구 봉영로 1569 (영통동,(109호))",영업,편의점,37.2520691395,127.0710390017,영통구
씨유매탄산드래미점,경기도 수원시 영통구 매탄동 840-1 ,"경기도 수원시 영통구 매탄로168번길 32 (매탄동, 840-1번지 1층일부)",영업,편의점,37.2647621867,127.0472040344,영통구
지에스25 화서한진점,경기도 수원시 팔달구 화서동 656 한진현대아파트 ,"경기도 수원시 팔달구 덕영대로735번길 18, 상가동 1층 106호 (화서동, 한진현대아파트)",영업,편의점,37.2817870156,126.9932144635,팔달구
세븐일레븐 영통테라타워점,경기도 수원시 영통구 원천동 627 현대 테라타워 영통 ,"경기도 수원시 영통구 신원로250번길 13, 현대 테라타워 영통 1층 128호 (원천동)",영업,편의점,37.2578833846,127.0612626283,영통구
세븐일레븐 신동까페거리점,경기도 수원시 영통구 신동 923-2 1층 ,"경기도 수원시 영통구 권선로882번길 31-9, 101호 (신동)",영업,편의점,37.2486748099,127.043173405,영통구
GS25수원세지로점,경기도 수원시 팔달구 인계동 820-6 ,"경기도 수원시 팔달구 세지로234번길 4, 1층 (인계동)",영업,편의점,37.2718828824,127.0241406189,팔달구
씨유영통아이파크3단지점,경기도 수원시 영통구 망포동 790 영통아이파크캐슬3단지 ,"경기도 수원시 영통구 망포로84번길 10, 영통아이파크캐슬3단지 상가동 1층 105-106 일부호 (망포동, 영통아이파크캐슬3단지)",영업,편의점,37.2401829968,127.0406766352,영통구
씨유 매탄중부대로점,경기도 수원시 영통구 매탄동 153-35 ,"경기도 수원시 영통구 중부대로 248, 1층 (매탄동)",영업,편의점,37.2747416413,127.0427790674,영통구
미니스톱 수원병무청점,경기도 수원시 팔달구 화서동 58-3 101동 201호,"경기도 수원시 팔달구 고화로 129-1, 101동 201호 (화서동)",영업,편의점,37.2808691674,127.0063849492,팔달구
세븐일레븐 수원우만타운점,경기도 수원시 팔달구 우만동 523 ,"경기도 수원시 팔달구 경수대로642번길 62-1, 1층 (우만동)",영업,편의점,37.2844897655,127.0322851291,팔달구
씨유 더뉴탑동대로점,경기도 수원시 권선구 구운동 139-170 탑동물류창고 ,"경기도 수원시 권선구 금호로 199, 탑동물류창고 1층 (구운동)",영업,편의점,37.2749597383,126.9717387585,권선구
지에스25(GS25) 수원인정프린스점,경기도 수원시 권선구 당수동 287 인정프린스아파트상가동 101호,"경기도 수원시 권선구 당진로15번길 53, 101호 (당수동, 인정프린스아파트상가동)",영업,편의점,37.2919862179,126.9382923272,권선구
지에스25 영통매여울점,경기도 수원시 영통구 매탄동 196-32 ,"경기도 수원시 영통구 매여울로40번길 20-1, 1층 (매탄동)",영업,편의점,37.272042351,127.0463934536,영통구
세븐일레븐 수원권선점,경기도 수원시 권선구 권선동 964-13 ,경기도 수원시 권선구 권선로 637 (권선동),영업,편의점,37.2609917408,127.0213333757,권선구
GS25시편의점 벨섬시티,경기도 수원시 권선구 호매실동 1380 호매실마을 14단지 벨섬시티 101호,"경기도 수원시 권선구 호매실로218번길 22, 상가-1동 1층 101호 (호매실동, 호매실마을 14단지 벨섬시티)",영업,편의점,37.2627512934,126.9609409929,권선구
GS25 호매실상현재,경기도 수원시 권선구 호매실동 1406-6 ,"경기도 수원시 권선구 호매실로90번길 11, 107호, 108호 (호매실동)",영업,편의점,37.256001722,126.9633346581,권선구
GS25 광교포레나,경기도 수원시 영통구 하동 1017-4 포레나 광교 ,"경기도 수원시 영통구 광교호수공원로 300, 포레나 광교 103동 1층 149호 (하동)",영업,편의점,37.2850223958,127.0583073987,영통구
지에스25 지동제일점,경기도 수원시 팔달구 지동 475 ,"경기도 수원시 팔달구 팔달문로75번길 76, 1층 (지동)",영업,편의점,37.2828203635,127.0272867878,팔달구
씨유 권선구청점,경기도 수원시 권선구 고색동 1178-1 ,"경기도 수원시 권선구 호매실로 21-12, 1층 일부호 (고색동)",영업,편의점,37.254973374,126.9711791979,권선구
세븐일레븐 영통엘클래스2단지점,경기도 수원시 영통구 망포동 810 영통 롯데캐슬 엘클래스 2단지 ,"경기도 수원시 영통구 망포로48번길 7, 근린생활동 1층 8호 (망포동, 영통 롯데캐슬 엘클래스 2단지)",영업,편의점,37.2401415109,127.039278857,영통구
세븐일레븐 수원탑동로점,경기도 수원시 권선구 탑동 793-1 가림주택 101호,"경기도 수원시 권선구 탑동로36번길 15, 1층 101호 (탑동, 가림주택)",영업,편의점,37.2723979406,126.9753772858,권선구
씨유 수원에스프레소점,경기도 수원시 권선구 곡반정동 603-1 ,"경기도 수원시 권선구 동수원로36번길 6-1, 1층 (곡반정동)",영업,편의점,37.2346366465,127.0240027939,권선구
지에스25 기흥예현로,경기도 용인시 기흥구 서천동 368 천일프라자 ,"경기도 용인시 기흥구 예현로 45, 천일프라자 1층 105호 (서천동)",영업,편의점,37.2437121872,127.0658209559,서천동
지에스25 경희공학관점,경기도 용인시 기흥구 서천동 1 일부호,"경기도 용인시 기흥구 덕영대로 1732, 경희대학교 공학관 지하1층 일부호 (서천동)",영업,편의점,37.2443406271,127.0801141444,서천동
세븐일레븐 용인서천본점,경기도 용인시 기흥구 서천동 807 원희캐슬 서천2 1층 114일부호,"경기도 용인시 기흥구 서천로117번길 9, 원희캐슬 서천2 1층 114일부호 (서천동)",영업,편의점,37.2370175309,127.0740217171,서천동
GS25 경희대기숙사1점,경기도 용인시 기흥구 서천동 1 경희대학교국제캠퍼스 ,"경기도 용인시 기흥구 덕영대로 1732, 경희대학교국제캠퍼스 제2기숙사 1층 102호 일부호 (서천동)",영업,편의점,37.2443406271,127.0801141444,서천동
gs25기흥예현마을점,경기도 용인시 기흥구 서천동 705 예현마을현대홈타운아파트 상가동 ,"경기도 용인시 기흥구 예현로35번길 23, 예현마을현대홈타운아파트 상가동 104호 일부호 (서천동)",영업,편의점,37.2421572168,127.0670362736,서천동
지에스(GS)25서천현대점,경기도 용인시 기흥구 서천동 294-17 1층 ,"경기도 용인시 기흥구 서그내로16번길 11 (서천동, 1층)",영업,편의점,37.2451962608,127.0723633331,서천동
GS25서천에이스점,경기도 용인시 기흥구 서천동 729-11 102일부호,"경기도 용인시 기흥구 서천서로12번길 6, 102호 (서천동)",영업,편의점,37.2408476318,127.0737859469,서천동
씨유서천파크원점,경기도 용인시 기흥구 서천동 736 센트럴파크원 상가동 101호,"경기도 용인시 기흥구 서천서로 27, 상가동 1층 101호 (서천동, 센트럴파크원)",영업,편의점,37.2403011523,127.0722218724,서천동
씨유 서천사랑방점,경기도 용인시 기흥구 서천동 789 일부호,"경기도 용인시 기흥구 서천동로21번길 8, 1층 일부호 (서천동)",영업,편의점,37.2384535103,127.0773057025,서천동
씨유 서천홈타운점,경기도 용인시 기흥구 서천동 404-2 ,"경기도 용인시 기흥구 서그내로62번길 41, 1층 일부호 (서천동)",영업,편의점,37.2425483515,127.0680036694,서천동
지에스25 경희전자국제점,경기도 용인시 기흥구 서천동 1 일부호,"경기도 용인시 기흥구 덕영대로 1732, 경희대학교 전자정보대학관 1층 일부호 (서천동)",영업,편의점,37.2443406271,127.0801141444,서천동
