시군명,사업장명,인허가일자,영업상태명,폐업일자,다중이용업소여부,총시설규모(㎡),위생업종명,위생업태명,소재지도로명주소,소재지지번주소,소재지우편번호,WGS84위도,WGS84경도
용인시,세븐일레븐 양지포레스토리점,2021-07-22,영업,,,,,편의점,"경기도 용인시 처인구 양지면 은이로 85, 양지포레스토리 상가동 101,102호",경기도 용인시 처인구 양지면 남곡리 898 ,17161,37.2240147685,127.2808699298
용인시,세븐일레븐용인포곡중앙점,20210615,영업,,,,,편의점,"경기도 용인시 처인구 포곡읍 포곡로246번길 13, 1층 일부",경기도 용인시 처인구 포곡읍 삼계리 577-10 1층 일부 ,17028,37.2766333102,127.2302510216
용인시,세븐일레븐 신갈스카이점,20210518,영업,,,,,편의점,"경기도 용인시 기흥구 새천년로 18, 스카이프라자 1층 108일부호 (신갈동)",경기도 용인시 기흥구 신갈동 710 스카이프라자 108일부호,16959,37.2890839599,127.1112063554
용인시,씨유용인프린스점,20210628,영업,,,,,편의점,"경기도 용인시 처인구 금어로 20, 1층 일부 (고림동)",경기도 용인시 처인구 고림동 820-68 ,17038,37.2655333441,127.2170611940
용인시,씨유 기흥초록마을점,20210428,영업,,,,,편의점,"경기도 용인시 기흥구 어정로 80, 상가동 1층 101일부호 (상하동, 풍림아파트)",경기도 용인시 기흥구 상하동 447 풍림아파트 상가동 101일부호,16994,37.2730300695,127.1396791025
용인시,세븐일레븐용인화산CC점,20210617,영업,,,,,편의점,"경기도 용인시 처인구 이동읍 화산로 114, 1층 101(일부)호",경기도 용인시 처인구 이동읍 화산리 441-1 1층 101(일부)호 ,17135,37.1456468865,127.2136798388
용인시,세븐일레븐 수지제일점,20210618,영업,,,,,편의점,"경기도 용인시 수지구 수지로342번길 15, 1층 일부호 (풍덕천동)",경기도 용인시 수지구 풍덕천동 29-9 ,16832,37.3270360950,127.0961340576
용인시,씨유 양지남곡리점,20100630,영업,,,,,편의점,경기도 용인시 처인구 양지면 남평로 24,경기도 용인시 처인구 양지면 남곡리 127-16 ,17161,37.2313099315,127.2873421809
용인시,주식회사 허스키유통,20210705,영업,,,,,편의점,"경기도 용인시 처인구 원삼면 보개원삼로 1627, 1층 일부",경기도 용인시 처인구 원삼면 죽능리 339-3 1층 일부 ,17170,37.1396721457,127.3084066741
용인시,IGA용인FC점(아이지에이FC점),20210712,영업,,,,,편의점,"경기도 용인시 처인구 원삼면 보개원삼로 1757, 1층 일부",경기도 용인시 처인구 원삼면 죽능리 546 1층 일부 ,17170,37.1504662050,127.3123403246
용인시,GS25기흥가나점,20161006,영업,,,,,편의점,"경기도 용인시 기흥구 농서로 236 (농서동, 가동, 1층)",경기도 용인시 기흥구 농서동 279-1 1층 ,17113,37.2283386758,127.0744763586
용인시,지에스25용인화산리점,20210514,영업,,,,,편의점,"경기도 용인시 처인구 이동읍 백옥대로 115, 1층 일부",경기도 용인시 처인구 이동읍 화산리 659-18 ,17135,37.1478921125,127.2029736297
용인시,세븐일레븐 용인역북타운점,2021-05-17,영업,,,,,편의점,"경기도 용인시 처인구 금학로265번길 5-1, 1층일부 (역북동)",경기도 용인시 처인구 역북동 412-11 1층일부 ,17046,37.2381879342,127.1929802691
용인시,GS25 광교타운,20210506,영업,,,,,편의점,"경기도 용인시 수지구 광교호수로378번길 4-34, 1층 일부호 (상현동)",경기도 용인시 수지구 상현동 1159-1 ,16940,37.2966841763,127.0799813310
용인시,씨유용인원암점,20210709,영업,,,,,편의점,"경기도 용인시 처인구 남사읍 천덕산로 446, 1동 1층 일부",경기도 용인시 처인구 남사읍 원암리 222-9 ,17124,37.0933877955,127.1455839055
용인시,세븐일레븐(용인천리점),20100818,영업,,,,,편의점,경기도 용인시 처인구 이동읍 백옥대로 760,경기도 용인시 처인구 이동읍 천리 557-7 ,17128,37.2041459043,127.2088724664
용인시,세븐일레븐용인서리점,20210715,영업,,,,,편의점,"경기도 용인시 처인구 이동읍 백자로 256, 1층 일부",경기도 용인시 처인구 이동읍 서리 341-7 ,17126,37.2022947133,127.1763351171
용인시,씨유용인이동서리점,2021-07-20,영업,,,,,편의점,"경기도 용인시 처인구 이동읍 백자로 331, 1층 일부",경기도 용인시 처인구 이동읍 서리 214-1 ,17126,37.1986904553,127.1835171559
용인시,세븐일레븐 백옥대로점,2022-11-22,영업,,,,,편의점,"경기도 용인시 처인구 모현읍 백옥대로 2543, 1층 일부",경기도 용인시 처인구 모현읍 왕산리 727-5 ,17035,37.3501820619,127.2484939430
용인시,씨유 마평물류센터점,20221121,영업,,,,,편의점,"경기도 용인시 처인구 중부대로 1584, 1층 101일부호 (마평동)",경기도 용인시 처인구 마평동 535-3 ,17144,37.2330908172,127.2204066787
용인시,지에스25용인삼계도사점,20220314,영업,,,,,편의점,"경기도 용인시 처인구 포곡읍 백옥대로 1924-6, 1층 일부",경기도 용인시 처인구 포곡읍 삼계리 79-12 ,17029,37.2981405305,127.2341910381
용인시,씨유죽전중앙점,2017-06-13,영업,,,,,편의점,"경기도 용인시 수지구 푸른솔로 45, 센타프라자 1층 106호 일부호 (죽전동)",경기도 용인시 수지구 죽전동 1273 센타프라자 ,16874,37.3250268398,127.1153216472
용인시,이마트24smart명지대제3공학관점,20220906,영업,,,,,편의점,"경기도 용인시 처인구 명지로 116, 명지대자연캠퍼스 제3공학관 지하1층 일부 (남동)",경기도 용인시 처인구 남동 555 명지대자연캠퍼스 제3공학관 지하1층 일부 ,17058,37.2189187154,127.1837708068
용인시,세븐일레븐 용인보라점,2022-09-06,영업,,,,,편의점,"경기도 용인시 기흥구 한보라2로 17, 경선빌딩 106호 (보라동)",경기도 용인시 기흥구 보라동 580-3 경선빌딩 106호,17079,37.2543726750,127.1116554442
용인시,세븐일레븐 용인에이스점,20220512,영업,,,,,편의점,"경기도 용인시 처인구 이동읍 백옥대로 737, 상가동 104호 (에이스카운티아파트)",경기도 용인시 처인구 이동읍 천리 1142 에이스카운티아파트 ,17128,37.2016076047,127.2067073448
용인시,씨유 수지초입마을점,20220524,영업,,,,,편의점,"경기도 용인시 수지구 문인로 57, 상가동 1층 114호 일부호, 115호 일부호 (풍덕천동)",경기도 용인시 수지구 풍덕천동 664 상가동 ,16830,37.3329500465,127.0963846077
용인시,세븐일레븐 수지동천포레나점,20220418,영업,,,,,편의점,"경기도 용인시 수지구 고기로45번길 40, 1층 103호 일부호 (동천동, 한화 포레나 수지동천)",경기도 용인시 수지구 동천동 349-10 한화 포레나 수지동천 ,16824,37.3401855678,127.0929929395
용인시,씨유 기흥교동점,20220720,영업,,,,,편의점,"경기도 용인시 기흥구 마북로 95, 1층 일부호 (마북동)",경기도 용인시 기흥구 마북동 251-33 1층 일부호 ,16910,37.2997463699,127.1191965108
용인시,씨유 수지만현마을점,20220525,영업,,,,,편의점,"경기도 용인시 수지구 만현로 36, 토마토프라자 1층 113호 (상현동)",경기도 용인시 수지구 상현동 12 토마토프라자 1동 113호,16929,37.3127202881,127.0877805440
용인시,이마트24용인양지타운점,2022-06-15,영업,,,,,편의점,"경기도 용인시 처인구 양지면 향교로 10, 나동 1층 일부",경기도 용인시 처인구 양지면 양지리 410-17 도레미음악학원 ,17158,37.2367168368,127.2864927176
용인시,지에스25 용인언동,20220614,영업,,,,,편의점,"경기도 용인시 기흥구 언남로29번길 6, 1층 일부호 (언남동, 뉴현대맨션)",경기도 용인시 기흥구 언남동 130-17 뉴현대빌라 G동 1층 일부호 ,16916,37.2937018652,127.1289186100
용인시,세븐일레븐 용인동백원룸점,20220420,영업,,,,,편의점,"경기도 용인시 기흥구 동백죽전대로527번길 100-20, 1층 A-2호 (중동)",경기도 용인시 기흥구 중동 1109 1층 A-2호 ,16987,37.2822252781,127.1429743713
용인시,용인서일주유소(이마트24),20220726,영업,,,,,편의점,"경기도 용인시 기흥구 신수로 70, 용인서일주유소 1층 일부호 (신갈동)",경기도 용인시 기흥구 신갈동 405-4 ,17094,37.2765394824,127.0985810092
용인시,지에스(GS)25신갈덕영대로점,20221012,영업,,,,,편의점,"경기도 용인시 기흥구 덕영대로2033번길 61, 1층 일부호 (하갈동)",경기도 용인시 기흥구 하갈동 279-27 ,17097,37.2615486188,127.0983899191
용인시,세븐일레븐 용인원삼산단점,20220826,영업,,,,,편의점,"경기도 용인시 처인구 원삼면 이원로 1037-13, 1층 일부",경기도 용인시 처인구 원삼면 문촌리 156-2 ,17169,37.1543463786,127.2970515825
용인시,이마트24 죽전건영점,20220526,영업,,,,,편의점,"경기도 용인시 수지구 죽전로 255, 유토피아 1층 108호 일부호 (죽전동)",경기도 용인시 수지구 죽전동 1185-2 유토피아 ,16876,37.3325208777,127.1276892340
용인시,이마트24smart용인신갈로점,20220926,영업,,,,,편의점,"경기도 용인시 기흥구 신갈로 71, 1층 일부호 (신갈동)",경기도 용인시 기흥구 신갈동 57-14 일부호,16967,37.2731463479,127.1054681678
용인시,이마트24R기흥공세점,20220926,영업,,,,,편의점,"경기도 용인시 기흥구 공세로 92, 1층 일부호 (공세동)",경기도 용인시 기흥구 공세동 204-11 1층 일부호 ,17085,37.2329645207,127.1089469257
용인시,씨유수지신봉점,20220829,영업,,,,,편의점,"경기도 용인시 수지구 신봉3로 23, 101호 일부호 (신봉동)",경기도 용인시 수지구 신봉동 985 ,16808,37.3268495516,127.0663476214
용인시,이마트24R용인주북점,20220624,영업,,,,,편의점,"경기도 용인시 처인구 양지면 주북로 111, 1층 일부",경기도 용인시 처인구 양지면 주북리 939-1 1층 일부 ,17159,37.2483259884,127.2450103964
용인시,씨유 기흥호수공원점,20220411,영업,,,,,편의점,"경기도 용인시 기흥구 한일로9번길 29, 레이크파크 B동 B201호 (공세동)",경기도 용인시 기흥구 공세동 476-343 레이크파크 B동 B201호,17099,37.2414208784,127.1012026546
용인시,씨유 동백호수점,2022-05-09,영업,,,,,편의점,"경기도 용인시 기흥구 동백3로11번길 53, 리츠타워 103호 일부호 (중동)",경기도 용인시 기흥구 중동 844-1 리츠타워 103호호,17006,37.2731151150,127.1499993389
용인시,세븐일레븐 남사IC휴게소점,2019-10-04,영업,,,,,편의점,"경기도 용인시 처인구 남사읍 용구대로 470, 라동 1층 일부",경기도 용인시 처인구 남사읍 통삼리 811 ,17118,37.1435318768,127.1273226389
용인시,이마트24송전사랑점,20221026,영업,,,,,편의점,"경기도 용인시 처인구 이동읍 경기동로 723-4, 1층 일부",경기도 용인시 처인구 이동읍 송전리 577-9 1층 일부 ,17136,37.1373556854,127.1998509837
용인시,CU용인휴양림점,20171128,영업,,,,,편의점,"경기도 용인시 처인구 모현읍 초부로 60, 가동 1층","경기도 용인시 처인구 모현읍 초부리 115-2 (가동, 1층) ",17037,37.3131779067,127.2475113019
용인시,씨유서리지원점,20220422,영업,,,,,편의점,"경기도 용인시 처인구 이동읍 처인성로 1183, 가동 1층",경기도 용인시 처인구 이동읍 서리 132-2 ,17127,37.1907374600,127.1792125031
용인시,세븐일레븐 용인샤론점,20220427,영업,,,,,편의점,"경기도 용인시 처인구 포곡읍 포곡로118번길 51-20, B동 1층 일부",경기도 용인시 처인구 포곡읍 둔전리 109-99 ,17027,37.2691896545,127.2232621469
용인시,CU편의점 보정자이점,20221028,영업,,,,,편의점,"경기도 용인시 기흥구 용구대로2469번길 20, 상가동 101호 일부호 (보정동, 죽전자이2차)",경기도 용인시 기흥구 보정동 1291 죽전자이2차 ,16905,37.3085016697,127.1062765598
용인시,GS25기흥밸리점,20221025,영업,,,,,편의점,"경기도 용인시 기흥구 기흥로 58, B동 B102호 (구갈동)",경기도 용인시 기흥구 구갈동 681 B동 B102호,16976,37.2804349846,127.1180980949
용인시,씨유용인지산휴게소점,20160202,영업,,,,,편의점,"경기도 용인시 처인구 양지면 죽양대로 2004-2, B동 1층",경기도 용인시 처인구 양지면 평창리 646-21 ,17163,37.2159068107,127.3212432299
용인시,세븐일레븐 용인진우타운점,20221027,영업,,,,,편의점,"경기도 용인시 처인구 중부대로 1142-1, 진우아파트 상가1 308일부호 (삼가동)",경기도 용인시 처인구 삼가동 265 진우아파트 ,17091,37.2384427857,127.1704194954
용인시,씨유용인고림점,20221021,영업,,,,,편의점,"경기도 용인시 처인구 한터로 126, 1층 일부 (고림동)",경기도 용인시 처인구 고림동 360-3 ,17149,37.2497682896,127.2249005449
용인시,세븐일레븐 용인백암리점,20221024,영업,,,,,편의점,"경기도 용인시 처인구 백암면 근창로 23, 1층 일부호",경기도 용인시 처인구 백암면 백암리 436-5 ,17178,37.1640062272,127.3721625748
용인시,씨유 수지우남점,2021-07-28,영업,,,,,편의점,"경기도 용인시 수지구 신봉1로 11, 서홍마을우남퍼스트빌아파트 521(B상가)동 1층 101호 일부호 (신봉동)",경기도 용인시 수지구 신봉동 905 서홍마을우남퍼스트빌아파트 ,16845,37.3191981853,127.0817634547
용인시,씨유양지평창로점,20210806,영업,,,,,편의점,"경기도 용인시 처인구 양지면 평창로 96, 1층 일부",경기도 용인시 처인구 양지면 평창리 237-2 ,17163,37.2324260937,127.3189270176
용인시,씨유 수지단대점,20130320,영업,,,,,편의점,"경기도 용인시 수지구 죽전로168번길 7, 승은프라자 1층 106호 일부호 (죽전동)",경기도 용인시 수지구 죽전동 1341 승은프라자 ,16889,37.3254735605,127.1253198321
용인시,세븐일레븐용인일번가점,2022-02-11,영업,,,,,편의점,"경기도 용인시 처인구 금령로 86, 시네마일번지 1층 108호 (김량장동)",경기도 용인시 처인구 김량장동 301-3 시네마일번지 1층 108호,17051,37.2350836470,127.2058223717
용인시,GS25용인참새미점,20171012,영업,,,,,편의점,"경기도 용인시 처인구 양지면 중부대로2565번길 2, A동 (1층 일부)","경기도 용인시 처인구 양지면 제일리 51 외 2필지, A동 , 1층 일부 ",17162,37.2444246855,127.3195071737
용인시,세븐일레븐 용인양지밸리점,20210830,영업,,,,,편의점,"경기도 용인시 처인구 양지면 한터로 542, A동 1층 일부",경기도 용인시 처인구 양지면 대대리 405-3 A동 1층 일부 ,17039,37.2619590873,127.2642945173
용인시,세븐일레븐용인원삼점,20170914,영업,,,,,편의점,경기도 용인시 처인구 원삼면 죽양대로 1774 (1층 일부),경기도 용인시 처인구 원삼면 맹리 559-5 1층 일부 ,17166,37.1946949916,127.3262059932
용인시,이마트24기흥구청점,20210827,영업,,,,,편의점,"경기도 용인시 기흥구 구갈로60번길 9-1, 라파빌딩 1층 일부호 (구갈동)",경기도 용인시 기흥구 구갈동 354 라파빌딩 1층 일부호 ,16972,37.2800466820,127.1123357653
용인시,세븐일레븐 용인역북리더스점,2021-10-07,영업,,,,,편의점,"경기도 용인시 처인구 명지로16번길 9-24, 1층 107,108호 (역북동)",경기도 용인시 처인구 역북동 747-1 ,17055,37.2332340247,127.1875440035
용인시,지에스25(GS25)용인문예회관점,20220204,영업,,,,,편의점,"경기도 용인시 처인구 중부대로1392번길 6, 1층 (김량장동)",경기도 용인시 처인구 김량장동 504-3 1층 ,17061,37.2328029461,127.1985937109
용인시,이마트24R기흥더샵점,20220204,영업,,,,,편의점,"경기도 용인시 기흥구 기흥역로58번길 78, A-102호 일부호 (구갈동, 기흥역 더샵)",경기도 용인시 기흥구 구갈동 234-5 기흥역 더샵 A-102호 일부호 ,17066,37.2729442197,127.1180457011
용인시,GS25시용인신갈점,20150710,영업,,,,,편의점,"경기도 용인시 기흥구 신구로53번길 1, 1층일부층 (신갈동)",경기도 용인시 기흥구 신갈동 32-2 ,16968,37.2767290152,127.1094312809
용인시,씨유용인임원점,20210820,영업,,,,,편의점,"경기도 용인시 처인구 경안천로258번길 62, 1층 일부 (고림동)",경기도 용인시 처인구 고림동 539-3 1층 일부 ,17038,37.2591181190,127.2220246594
용인시,씨유 흥덕리써밋점,20210820,영업,,,,,편의점,"경기도 용인시 기흥구 흥덕중앙로 55, 리써밋타워 1층 116일부호 (영덕동)",경기도 용인시 기흥구 영덕동 975-5 리써밋타워 116일부호,16953,37.2766305700,127.0730879665
용인시,씨유 수지 성남마을점,2021-12-28,영업,,,,,편의점,"경기도 용인시 수지구 성복1로 107, 상가동 1층 101호 (성복동, 성남마을벽산첼시빌2차아파트)",경기도 용인시 수지구 성복동 723 성남마을벽산첼시빌2차아파트 ,16855,37.3158546792,127.0669073645
용인시,지에스(GS)25용인트리니,20211109,영업,,,,,편의점,"경기도 용인시 처인구 중부대로 1218, THE TRINY HOTEL 1층 105,106호 (역북동)",경기도 용인시 처인구 역북동 370-13 THE TRINY HOTEL ,17053,37.2373079152,127.1806161883
용인시,씨유 기흥한성점,20211028,영업,,,,,편의점,"경기도 용인시 기흥구 구갈로28번길 21-6, 105호 일부호 (구갈동)",경기도 용인시 기흥구 구갈동 383 105호,16973,37.2781409914,127.1139473170
용인시,GS25역북골드점,2017-11-10,영업,,,,,편의점,"경기도 용인시 처인구 명지로40번길 35-29, 1층 106호 (역북동, 골드클래스)","경기도 용인시 처인구 역북동 563-18 골드클래스 1층, 106호 ",17056,37.2296368439,127.1839289657
용인시,씨유역북우미린점,20211224,영업,,,,,편의점,"경기도 용인시 처인구 명지로16번길 25, 101호 (역북동, 우미 린 센트럴파크)",경기도 용인시 처인구 역북동 736 101호,17055,37.2330590934,127.1861580932
용인시,세븐일레븐 용인원삼뉴타운점,20210914,영업,,,,,편의점,"경기도 용인시 처인구 원삼면 고당로 6, 1층 일부",경기도 용인시 처인구 원삼면 고당리 79 1층 일부 ,17168,37.1656297019,127.3119792616
용인시,이마트24상갈금화점,20211220,영업,,,,,편의점,"경기도 용인시 기흥구 금화로11번길 8, 금화마을주공3단지아파트 101호 (상갈동)",경기도 용인시 기흥구 상갈동 481-3 금화마을주공3단지아파트 ,17073,37.2622673585,127.1057279225
용인시,세븐일레븐 기흥공세점,20210910,영업,,,,,편의점,"경기도 용인시 기흥구 공세로 126-16, 1층 일부호 (공세동)",경기도 용인시 기흥구 공세동 290-9 ,17085,37.2348245740,127.1099068542
용인시,씨유용인문현점,20211111,영업,,,,,편의점,"경기도 용인시 처인구 모현읍 문현로 134, 1층 일부",경기도 용인시 처인구 모현읍 매산리 208-2 1층 일부 ,17032,37.3442240824,127.2243079618
용인시,지에스(GS)25 수지죽전점,20220223,영업,,,,,편의점,"경기도 용인시 수지구 현암로89번길 12-10, 1층 일부호 (죽전동)",경기도 용인시 수지구 죽전동 1175-1 일부호,16875,37.3322335531,127.1195405601
용인시,씨유 수지신정점,2021-11-29,영업,,,,,편의점,"경기도 용인시 수지구 정평로 63, 신정마을성지아파트 상가동 1층 103호 (풍덕천동)",경기도 용인시 수지구 풍덕천동 1021 신정마을성지아파트 ,16839,37.3222109792,127.0875142639
용인시,세븐일레븐 용인동천타운점,20211126,영업,,,,,편의점,"경기도 용인시 수지구 동천로99번길 35, 1층 일부호 (동천동)",경기도 용인시 수지구 동천동 875-9 ,16828,37.3351907811,127.0926699424
용인시,지에스25백암근곡점,20220125,영업,,,,,편의점,"경기도 용인시 처인구 백암면 청강가창로 1, 1층 일부",경기도 용인시 처인구 백암면 근곡리 99-10 1층 일부 ,17172,37.1780121045,127.3702013496
용인시,씨유 기흥보라점,2021-07-29,영업,,,,,편의점,"경기도 용인시 기흥구 한보라2로 142, 한보라마을휴먼시아7단지아파트 나상가동 1층 101일부호 (공세동)",경기도 용인시 기흥구 공세동 674 한보라마을휴먼시아7단지아파트 나상가동 1층 101일부호 ,,,
용인시,GS25 수지현대점,20211119,영업,,,,,편의점,"경기도 용인시 수지구 정평로 138, 강남빌딩 1층 일부호 (풍덕천동)",경기도 용인시 수지구 풍덕천동 706-3 강남빌딩 ,16837,37.3250866663,127.0954221143
용인시,GS25 수지하나로점,20211123,영업,,,,,편의점,"경기도 용인시 수지구 풍덕천로 122, 하나로프라자 1층 105호 일부호 (풍덕천동)",경기도 용인시 수지구 풍덕천동 1080-9 하나로프라자 ,16841,37.3225361720,127.0955486550
용인시,지에스25원암산단점,20210916,영업,,,,,편의점,"경기도 용인시 처인구 남사읍 원암로 225, 1층 일부",경기도 용인시 처인구 남사읍 원암리 47 ,17124,37.0869468370,127.1721230135
용인시,씨유 성산초교점,20210319,영업,,,,,편의점,"경기도 용인시 처인구 백옥대로1380번길 21, 1층 일부 (유방동)",경기도 용인시 처인구 유방동 315-7 1층 일부 ,17041,37.2582184312,127.2151601568
용인시,지에스25 용인로뎀점,2023-11-09,영업,,,,,편의점,"경기도 용인시 처인구 양지면 한터로 425, 1층 일부",경기도 용인시 처인구 양지면 주북리 614 ,17039,37.2615454786,127.2515745657
용인시,씨유 수지써니벨리점,2019-08-13,영업,,,,,편의점,"경기도 용인시 수지구 수지로461번길 38, 신세계프라자 101호 일부호 (동천동)",경기도 용인시 수지구 동천동 336-3 신세계프라자 ,16823,37.3377986490,127.0935025374
용인시,이마트24 수지구청역점,2018-10-26,영업,,,,,편의점,"경기도 용인시 수지구 풍덕천로 107, B03호 (풍덕천동)",경기도 용인시 수지구 풍덕천동 1075-1 B03호,16836,37.3223772950,127.0939016437
용인시,지에스25모현센터,2018-11-16,영업,,,,,편의점,"경기도 용인시 처인구 모현읍 백옥대로2332번길 21-9, 1층 일부",경기도 용인시 처인구 모현읍 왕산리 465-1 코사마트 ,17035,37.3324798978,127.2490157892
용인시,Gs25 흥덕하워드힐점,2024-01-11,영업,,,,,편의점,"경기도 용인시 기흥구 흥덕2로117번길 23, 하워드힐하우스 115~117호 (영덕동)",경기도 용인시 기흥구 영덕동 974-1 하워드힐하우스 115~117호,16953,37.2778506535,127.0714793061
용인시,씨유용인주공점,2010-01-27,영업,,,,,편의점,"경기도 용인시 처인구 금령로13번길 7 (김량장동,훼미리마트(1층))",경기도 용인시 처인구 김량장동 293-11 훼미리마트(1층) ,17048,37.2356130564,127.1977031661
용인시,GS25 용인타운,2009-06-10,영업,,,,,편의점,경기도 용인시 처인구 백옥대로1402번길 18 (유방동),경기도 용인시 처인구 유방동 290-1 ,17041,37.2599393847,127.2148604629
용인시,씨유 광교상현역점,2024-01-23,영업,,,,,편의점,"경기도 용인시 수지구 광교중앙로296번길 14, 광교푸르지오시티3단지 1층 108호 일부호 (상현동)",경기도 용인시 수지구 상현동 1132-3 ,16943,37.2971267441,127.0701852703
용인시,씨유남사공단점,2024-01-05,영업,,,,,편의점,"경기도 용인시 처인구 남사읍 어진로 615, 1층 일부",경기도 용인시 처인구 남사읍 방아리 844-6 ,17123,37.1077609328,127.1754772898
용인시,지에스25남사봉무로점,2019-03-12,영업,,,,,편의점,"경기도 용인시 처인구 남사읍 봉무로 1, 1층 일부",경기도 용인시 처인구 남사읍 봉무리 449-1 1층 일부 ,17118,37.1146639972,127.1525646917
용인시,지에스25용인목련점,2019-08-01,영업,,,,,편의점,"경기도 용인시 처인구 포곡읍 포곡로118번길 42-5, 제5동 1층 104호 (목련아파트)",경기도 용인시 처인구 포곡읍 둔전리 122-5 목련아파트 ,17027,37.2684311661,127.2227009870
용인시,지에스25역북신원점,2019-05-28,영업,,,,,편의점,"경기도 용인시 처인구 낙은로 11, 상가동 103,104호 (역북동, 신원아침도시)",경기도 용인시 처인구 역북동 795 신원아침도시 ,17046,37.2387241606,127.1981980854
용인시,씨유용인주차타워점,2019-04-17,영업,,,,,편의점,"경기도 용인시 처인구 명지로60번길 8-3, 1층 107호 일부 (역북동)",경기도 용인시 처인구 역북동 757 ,17056,37.2311147665,127.1871807350
용인시,GS25역북으뜸,2019-01-11,영업,,,,,편의점,"경기도 용인시 처인구 중부대로1313번길 6-18, 101호 (역북동)",경기도 용인시 처인구 역북동 436-8 101호,17047,37.2358616362,127.1927191308
용인시,CU 용인외대공원점,2023-12-13,영업,,,,,편의점,"경기도 용인시 처인구 모현읍 외대로25번길 7, 1층 일부",경기도 용인시 처인구 모현읍 왕산리 522-2 ,17035,37.3373276512,127.2524766762
용인시,이마트24용인삼가빌리지점,2023-10-05,영업,,,,,편의점,"경기도 용인시 처인구 중부대로 1123, 1층 일부 (삼가동)",경기도 용인시 처인구 삼가동 199-6 ,17017,37.2411836432,127.1706330544
용인시,지에스25 수지인현점,2019-12-31,영업,,,,,편의점,"경기도 용인시 수지구 현암로 27, 1층 일부호 (죽전동)",경기도 용인시 수지구 죽전동 548 ,16866,37.3317137926,127.1121494527
용인시,세븐일레븐용인유림점,2022-01-12,영업,,,,,편의점,"경기도 용인시 처인구 한터로 74, 1층 일부 (고림동)",경기도 용인시 처인구 고림동 982 1층 일부 ,17148,37.2519007219,127.2194012586
용인시,씨유용인웰메이드시티,2018-11-01,영업,,,,,편의점,"경기도 용인시 처인구 금령로106번길 14-8, 106, 107호 (김량장동)",경기도 용인시 처인구 김량장동 84-3 ,17051,37.2345733438,127.2072335624
용인시,GS25용인한숲가점,2018-07-03,영업,,,,,편의점,"경기도 용인시 처인구 남사읍 한숲로 84, 6단지 상가동 1층 118호 (e편한세상 용인 한숲시티)",경기도 용인시 처인구 남사읍 완장리 652-1 e편한세상 용인 한숲시티 6단지 상가동 118호,17117,37.1546508742,127.1747927400
용인시,지에스25역북우미린점,2017-08-22,영업,,,,,편의점,"경기도 용인시 처인구 명지로40번길 13 (역북동, 1층 일부)",경기도 용인시 처인구 역북동 752 1층 일부 ,17056,37.2323309634,127.1869164240
용인시,GS25기흥푸르지오점,2018-10-01,영업,,,,,편의점,"경기도 용인시 기흥구 기흥역로 16, 상가(119)동 1층 102일부호 (구갈동, 기흥역지웰푸르지오)",경기도 용인시 기흥구 구갈동 227-34 기흥역지웰푸르지오 상가(119) 102일부호 ,17066,37.2737338297,127.1141502940
용인시,지에스25 기흥예현로,2023-12-08,영업,,,,,편의점,"경기도 용인시 기흥구 예현로 45, 천일프라자 1층 105호 (서천동)",경기도 용인시 기흥구 서천동 368 천일프라자 ,17103,37.2437121872,127.0658209559
용인시,GS25 뉴어정역점,2017-05-30,영업,,,,,편의점,"경기도 용인시 기흥구 어정로 139, 라비스타 A105,A106호 (중동)","경기도 용인시 기흥구 중동 673 라비스타 A105,A106호",16988,37.2758854112,127.1449557208
용인시,씨유외대글로벌점,2011-09-15,영업,,,,,편의점,경기도 용인시 처인구 모현읍 외대로40번길 4 (1층),경기도 용인시 처인구 모현읍 왕산리 497-4 1층 ,17035,37.3355900321,127.2534644997
용인시,씨유용인석성로점,2023-11-30,영업,,,,,편의점,"경기도 용인시 처인구 포곡읍 석성로 1141, 1층 일부",경기도 용인시 처인구 포곡읍 영문리 2-53 ,17023,37.2797463384,127.2199860264
용인시,씨유백암휴게소점,2024-01-08,영업,,,,,편의점,"경기도 용인시 처인구 백암면 백암로 31-3, 1층 일부",경기도 용인시 처인구 백암면 백봉리 834-2 백암휴게소 ,17180,37.1518959544,127.3856741347
용인시,(주)비지에프리테일 단국대죽전진리관점,2020-03-05,영업,,,,,편의점,"경기도 용인시 기흥구 마북로247번길 109, 1층 일부호 (마북동, 단국대학교기숙사)",경기도 용인시 기흥구 마북동 655 단국대학교기숙사 ,16891,37.3168427421,127.1267395582
용인시,씨유 용인강남대역점,2023-09-08,영업,,,,,편의점,"경기도 용인시 기흥구 강남로 3, 강남앤플러스 120호 (구갈동)",경기도 용인시 기흥구 구갈동 581-1 강남앤플러스 120호,16977,37.2710681196,127.1261422767
용인시,세븐일레븐 용인수지죽전점,2024-01-26,영업,,,,,편의점,"경기도 용인시 수지구 현암로 128, 센타프라자 1층 102호 (죽전동)",경기도 용인시 수지구 죽전동 1197-1 센타프라자 ,16880,37.3314620688,127.1235178617
용인시,씨유용인삼남매점,2020-11-09,영업,,,,,편의점,"경기도 용인시 처인구 중부대로1343번길 10-19, 1층 (역북동)",경기도 용인시 처인구 역북동 483-17 ,17048,37.2359770251,127.1955145821
용인시,세븐일레븐 구갈드림점,2016-04-04,영업,,,,,편의점,"경기도 용인시 기흥구 용구대로2152번길 34 (구갈동, 드림프라자 104,105호)","경기도 용인시 기흥구 구갈동 390 드림프라자 104,105호 ",16971,37.2794981473,127.1099922698
용인시,세븐일레븐 단대곰순이점,2017-03-03,영업,,,,,편의점,"경기도 용인시 수지구 죽전로 150-1 (죽전동, 단대프라자2 101호 일부)",경기도 용인시 수지구 죽전동 1328-4 단대프라자2 101호 일부 ,16889,37.3237588033,127.1246511289
용인시,씨유용인보정카페점,2023-10-26,영업,,,,,편의점,"경기도 용인시 기흥구 죽전로43번길 11-31, 1층 일부호 (보정동)",경기도 용인시 기흥구 보정동 1204-1 ,16898,37.3217157953,127.1116590800
용인시,씨유마평로드점,2023-10-25,영업,,,,,편의점,"경기도 용인시 처인구 중부대로 1755, B동 1층 (마평동)",경기도 용인시 처인구 마평동 283-2 ,17143,37.2297889090,127.2389403396
용인시,세븐일레븐 동천유타워점,2016-09-09,영업,,,,,편의점,"경기도 용인시 수지구 신수로 767 (동천동, 분당수지유타워 B동 103호)",경기도 용인시 수지구 동천동 899 분당수지유타워 B동 103호 ,16827,37.3382501682,127.1016959956
용인시,씨유 광교위너스점,2024-02-13,영업,,,,,편의점,"경기도 용인시 수지구 광교마을로 83, 1층 105호 일부호 (상현동)",경기도 용인시 수지구 상현동 1130 ,16942,37.2978432369,127.0738933185
용인시,세븐일레븐 용인상하점,2016-01-22,영업,,,,,편의점,"경기도 용인시 기흥구 중부대로747번길 17 (상하동, 1층 일부)",경기도 용인시 기흥구 상하동 579-1 1층 일부 ,16996,37.2619251930,127.1427657184
용인시,세븐일레븐용인장미마을점,2013-10-08,영업,,,,,편의점,"경기도 용인시 기흥구 구성로 90 (언남동, 상가 동 102호)",경기도 용인시 기흥구 언남동 495 상가동 102호 ,16919,37.2932851147,127.1169387554
용인시,씨유용인삼계점,2014-10-24,영업,,,,,편의점,"경기도 용인시 처인구 포곡읍 포곡로 311, 1층",경기도 용인시 처인구 포곡읍 삼계리 484-16 1층 ,17028,37.2820662771,127.2331420662
용인시,씨유용인갈담공원점,2024-02-19,영업,,,,,편의점,"경기도 용인시 처인구 모현읍 파담로149번길 3, 1층 일부",경기도 용인시 처인구 모현읍 갈담리 350-16 ,17036,37.3240308131,127.2433890928
용인시,이마트24R양지중부대로점,2023-10-19,영업,,,,,편의점,"경기도 용인시 처인구 양지면 중부대로 2660, 1층 4~6호",경기도 용인시 처인구 양지면 추계리 132 ,17156,37.2506449272,127.3258971527
용인시,세븐일레븐 뉴용인타운점,2015-05-07,영업,,,,,편의점,"경기도 용인시 처인구 백옥대로1370번길 11-17 (유방동, 1층)",경기도 용인시 처인구 유방동 326-1 1층 ,17041,37.2580622582,127.2139428110
용인시,이마트24 용인태흥점,2023-10-30,영업,,,,,편의점,"경기도 용인시 처인구 중부대로 1660-4, 1층 일부(1호) (마평동)",경기도 용인시 처인구 마평동 500-1 ,17143,37.2326594938,127.2287393018
용인시,세븐일레븐 용인휴양림점,2021-04-09,영업,,,,,편의점,"경기도 용인시 처인구 모현읍 초부로 97, B동 1층 일부",경기도 용인시 처인구 모현읍 초부리 146-4 B동 1층 일부 ,17037,37.3141336005,127.2518756115
용인시,세븐일레븐(용인수지점),2003-01-22,영업,,,,,편의점,경기도 용인시 수지구 풍덕천로 135 (풍덕천동),경기도 용인시 수지구 풍덕천동 713-6 ,16837,37.3238103038,127.0964786430
용인시,지에스(GS)25양지케이엠점,2024-02-16,영업,,,,,편의점,"경기도 용인시 처인구 양지면 양지로 211, 102호",경기도 용인시 처인구 양지면 양지리 175-20 ,17158,37.2342296082,127.2919223487
용인시,씨유 동천센트럴점,2023-10-16,영업,,,,,편의점,"경기도 용인시 수지구 고기로129번길 18, 1층 일부호 (동천동)",경기도 용인시 수지구 동천동 99 ,16824,37.3466502274,127.0882838377
용인시,지에스25기흥이너매스점,2023-08-22,영업,,,,,편의점,"경기도 용인시 기흥구 서천로201번길 31, 105일부호 (농서동)",경기도 용인시 기흥구 농서동 457 105일부호 ,17111,37.2295399130,127.0726321307
용인시,지에스25 수지덕풍,2019-06-11,영업,,,,,편의점,"경기도 용인시 수지구 신수로683번길 24, 1층 일부호 (풍덕천동)",경기도 용인시 수지구 풍덕천동 686-4 ,16829,37.3310150105,127.0999055354
용인시,세븐일레븐 기흥보정대로점,2019-05-31,영업,,,,,편의점,"경기도 용인시 기흥구 용구대로2469번길 59, 원아빌딩 1층 일부호 (보정동)",경기도 용인시 기흥구 보정동 614-3 원아빌딩 일부호,16907,37.3119848719,127.1047236110
용인시,지에스25양지IC점,2023-08-21,영업,,,,,편의점,"경기도 용인시 처인구 양지면 죽양대로 2267, B105호",경기도 용인시 처인구 양지면 양지리 120-28 양지 갤러리 프라자 ,17158,37.2302481271,127.2987196600
용인시,세븐일레븐 용인백암행복점,2021-02-10,영업,,,,,편의점,"경기도 용인시 처인구 백암면 백암로186번길 3, 1층 일부",경기도 용인시 처인구 백암면 백암리 493 1층 일부 ,17178,37.1638392393,127.3761950753
용인시,세븐일레븐용인풍덕천사거리점,2018-02-07,영업,,,,,편의점,"경기도 용인시 수지구 풍덕천로190번길 25, 신건프라자 103호 일부호 (풍덕천동)",경기도 용인시 수지구 풍덕천동 945 신건프라자 103호,16833,37.3243085831,127.1025483962
용인시,세븐일레븐용인백암로점,2019-10-18,영업,,,,,편의점,"경기도 용인시 처인구 백암면 백암로 101, 1층 일부",경기도 용인시 처인구 백암면 박곡리 686 ,17180,37.1577876602,127.3820275454
용인시,GS25 수지도서관점,20221125,영업,,,,,편의점,"경기도 용인시 수지구 문정로7번길 20, 혜명빌딩 1층 일부호 (풍덕천동)",경기도 용인시 수지구 풍덕천동 1082-13 혜명빌딩 일부호,16841,37.3210101514,127.0947667760
용인시,씨유 신봉골드점,2023-05-08,영업,,,,,편의점,"경기도 용인시 수지구 신봉1로 52-4, 1층 102호 일부호 (신봉동)",경기도 용인시 수지구 신봉동 19-2 ,16816,37.3226523676,127.0797465552
용인시,씨유흥덕1단지점,2018-02-02,영업,,,,,편의점,"경기도 용인시 기흥구 흥덕1로79번길 9, 휴먼시아 흥덕마을1단지 가상가동 101일부호 (영덕동)",경기도 용인시 기흥구 영덕동 980 휴먼시아 흥덕마을1단지 가상가동 101일부호 ,16954,37.2755137619,127.0708496088
용인시,세븐일레븐 용인동아솔레시티점,20210111,영업,,,,,편의점,"경기도 용인시 기흥구 보정로 30, 중앙상가동 지1층 B101호 (보정동, 행원마을동아솔레시티아파트)",경기도 용인시 기흥구 보정동 1162 행원마을동아솔레시티아파트중앙상가동 지1층 B101호 ,,,
용인시,씨유용인블루원점,20151209,영업,,,,,편의점,경기도 용인시 처인구 원삼면 보개원삼로 1595 (1층일부),경기도 용인시 처인구 원삼면 죽능리 193-1 1층일부 ,17170,37.1368486295,127.3071302487
용인시,이마트24용인교동홈타운점,2023-01-27,영업,,,,,편의점,"경기도 용인시 기흥구 마북로 124-9, 상가동 103호 일부호 (마북동, 교동마을현대홈타운)",경기도 용인시 기흥구 마북동 630 교동마을현대홈타운 ,16910,37.2997092671,127.1245111568
용인시,세븐일레븐 수지제일점,2023-01-27,영업,,,,,편의점,"경기도 용인시 수지구 수지로342번길 15, 1층 일부호 (풍덕천동)",경기도 용인시 수지구 풍덕천동 29-9 ,16832,37.3270360950,127.0961340576
용인시,씨유 보정센터점,20230120,영업,,,,,편의점,"경기도 용인시 기흥구 죽전로 50, 센타프라자 103호 일부호 (보정동)",경기도 용인시 기흥구 보정동 1265-2 센타프라자 ,16898,37.3202911023,127.1142622884
용인시,세븐일레븐 청덕스타점,2023-07-06,영업,,,,,편의점,"경기도 용인시 기흥구 구성로279번길 2, 1층 일부호 (청덕동)",경기도 용인시 기흥구 청덕동 533-1 1층 일부호 ,16914,37.2908509778,127.1397859284
용인시,씨유용인이동천리점,2023-02-06,영업,,,,,편의점,"경기도 용인시 처인구 이동읍 원천로9번길 7, 1층 일부",경기도 용인시 처인구 이동읍 천리 749-8 ,17128,37.1944808624,127.2080870386
용인시,씨유 신갈롯데캐슬,2023-02-03,영업,,,,,편의점,"경기도 용인시 기흥구 상미로 23-9, 1층 일부호 (신갈동)",경기도 용인시 기흥구 신갈동 743 ,17094,37.2716959399,127.1003437168
용인시,씨유 동백호수마을점,2023-04-13,영업,,,,,편의점,"경기도 용인시 기흥구 평촌1로 3, 1층 일부호 (동백동)",경기도 용인시 기흥구 동백동 613-2 ,17001,37.2840946493,127.1532425582
용인시,이마트24 용인풍덕천점,2023-04-14,영업,,,,,편의점,"경기도 용인시 수지구 문인로 59, 풍림상가(분산)동 1층 3호 일부호 (풍덕천동, 동아.삼익.풍림아파트)",경기도 용인시 수지구 풍덕천동 664 동아.삼익.풍림아파트 ,,,
용인시,세븐일레븐 용인초당역점,2018-04-10,영업,,,,,편의점,"경기도 용인시 기흥구 동백중앙로 61-19, 옐로우존 106,107,108호 일부호 (중동)",경기도 용인시 기흥구 중동 1043-1 옐로우존 ,17013,37.2605159774,127.1601059113
용인시,씨유 용인야중사점,20221123,영업,,,,,편의점,"경기도 용인시 처인구 포곡읍 둔전로65번길 11, 2동 1층 일부",경기도 용인시 처인구 포곡읍 둔전리 119-12 네덱 ,17027,37.2674636852,127.2214300564
용인시,세븐일레븐 기흥보라점,2015-06-22,영업,,,,,편의점,"경기도 용인시 기흥구 한보라2로 170, 104호 (공세동)",경기도 용인시 기흥구 공세동 674 가상가동 104호,17083,37.2440752488,127.1078747711
용인시,씨유 동천현대점,2023-04-17,영업,,,,,편의점,"경기도 용인시 수지구 수지로461번길 2, 1동 1층 일부호 (동천동)",경기도 용인시 수지구 동천동 325-478 ,16823,37.3379024490,127.0974983031
용인시,씨유 용인구성점,2023-05-25,영업,,,,,편의점,"경기도 용인시 기흥구 구성로 264, 107호 일부호 (청덕동)",경기도 용인시 기흥구 청덕동 540-1 ,16914,37.2903679459,127.1380508089
용인시,씨유 용인이튼점,2023-05-25,영업,,,,,편의점,"경기도 용인시 처인구 한터로152번길 2, 이튼프라자 110일부호 (고림동)",경기도 용인시 처인구 고림동 264-3 이튼프라자 ,17149,37.2484932671,127.2270475712
용인시,GS25용인태성점,20211117,영업,,,,,편의점,"경기도 용인시 처인구 백옥대로 1059, 1층 일부 (김량장동)",경기도 용인시 처인구 김량장동 31-11 1층 일부 ,17063,37.2301180363,127.2099337629
용인시,지에스25수지엘지점,2019-10-10,영업,,,,,편의점,"경기도 용인시 수지구 성복2로 92, 1층 107호 (성복동)",경기도 용인시 수지구 성복동 97-14 ,16850,37.3155359650,127.0759716093
용인시,씨유 구갈세종점,2020-02-27,영업,,,,,편의점,"경기도 용인시 기흥구 기흥로30번길 12, 1층 일부호 (구갈동)",경기도 용인시 기흥구 구갈동 274 ,16975,37.2788099866,127.1173279692
용인시,GS25 죽전솔하임,2021-03-23,영업,,,,,편의점,"경기도 용인시 수지구 정든로 5, 110호 일부호 (죽전동, 죽전역 솔하임)",경기도 용인시 수지구 죽전동 1088-2 죽전역 솔하임 ,16873,37.3275359689,127.1135592918
용인시,이마트24 SMART용인양지현대점,2023-05-12,영업,,,,,편의점,"경기도 용인시 처인구 양지면 양대로 43, 가동 1층 일부호",경기도 용인시 처인구 양지면 양지리 451-4 ,17158,37.2368357832,127.2874732219
용인시,씨유 마북연수원점,2023-07-24,영업,,,,,편의점,"경기도 용인시 기흥구 마북로240번길 3, 1층 일부호 (마북동)",경기도 용인시 기흥구 마북동 115-13 1층 일부호 ,16891,37.3085814847,127.1310460096
용인시,세븐일레븐용인한터점,2023-05-16,영업,,,,,편의점,"경기도 용인시 처인구 양지면 한터로 281, 1층 일부호",경기도 용인시 처인구 양지면 주북리 1110 ,17039,37.2545843385,127.2379526729
용인시,동네마트,2011-10-12,영업,,,,,편의점,경기도 용인시 수지구 포은대로 460-14 (풍덕천동),경기도 용인시 수지구 풍덕천동 607-126 ,16834,37.3227465914,127.1017778341
용인시,이마트24기흥지삼로점,20230117,영업,,,,,편의점,"경기도 용인시 기흥구 지삼로198번길 1, 1층 일부호 (지곡동)",경기도 용인시 기흥구 지곡동 285-1 지곡공인중개사 ,17088,37.2404737314,127.1345125609
용인시,씨유 용인샛별공원점,2023-03-28,영업,,,,,편의점,"경기도 용인시 처인구 중부대로1313번길 20-18, 1층 일부 (역북동)",경기도 용인시 처인구 역북동 437-1 ,17047,37.2364817530,127.1920063554
용인시,이마트24용인와우정사점,2023-06-27,영업,,,,,편의점,"경기도 용인시 처인구 동부로 823, 1층 일부 (해곡동)",경기도 용인시 처인구 해곡동 154-1 ,17142,37.1893033887,127.2770606382
용인시,GS25용인마성점,20221205,영업,,,,,편의점,"경기도 용인시 처인구 포곡읍 석성로 928, 1층 101일부호",경기도 용인시 처인구 포곡읍 마성리 43-5 ,17040,37.2764775810,127.1992882182
용인시,지에스25(GS25)용인모산점,2023-06-26,영업,,,,,편의점,"경기도 용인시 처인구 모현읍 모산로 3, 103호 일부",경기도 용인시 처인구 모현읍 왕산리 743-5 ,17035,37.3474115615,127.2512242007
용인시,세븐일레븐용인센터점,2017-04-14,영업,,,,,편의점,"경기도 용인시 처인구 금령로 43 (김량장동, 용인유메이드 107, 108호)","경기도 용인시 처인구 김량장동 254-158 용인유메이드 107, 108호 ",17050,37.2351078748,127.2010985794
용인시,세븐일레븐 뉴수지푸르지오점,2025-05-15,영업,,,,,편의점,"경기도 용인시 수지구 광교중앙로295번길 21, 1층 107호 일부호 (상현동)",경기도 용인시 수지구 상현동 1116-1 ,16944,37.2980125327,127.0683749373
용인시,GS25 모현오뜨락점,2017-03-15,영업,,,,,편의점,경기도 용인시 처인구 모현읍 대지로 427 (1층 일부),경기도 용인시 처인구 모현읍 오산리 197-9 1층 일부 ,16884,37.3307244685,127.1535250331
용인시,씨유 양지파인리조트점,2025-03-12,영업,,,,,편의점,"경기도 용인시 처인구 양지면 남평로 112, 양지파인리조트 A동 지하1층 일부",경기도 용인시 처인구 양지면 남곡리 18-1 ,17164,37.2106968706,127.2936436942
용인시,씨유 기흥청덕점,2025-01-21,영업,,,,,편의점,"경기도 용인시 기흥구 구성로 392, 제상가동 103호 (청덕동, 휴먼시아물푸레마을9단지아파트)",경기도 용인시 기흥구 청덕동 569 휴먼시아물푸레마을9단지아파트 제상가동 103호,16894,37.2912464240,127.1514384487
용인시,지에스25 양지아너스빌점,2025-06-27,영업,,,,,편의점,"경기도 용인시 처인구 양지면 남곡로 45, 근린생활시설동 109호 (용인 경남아너스빌 디센트 1단지)",경기도 용인시 처인구 양지면 남곡리 901 용인 경남아너스빌 디센트 1단지 ,17161,37.2295258433,127.2827591083
용인시,GS25처인금령점,2017-03-14,영업,,,,,편의점,"경기도 용인시 처인구 금령로34번길 9 (김량장동, 1층 일부)",경기도 용인시 처인구 김량장동 334-22 1층 일부 ,17049,37.2339514100,127.2000434295
용인시,지에스25 경희공학관점,2025-07-01,영업,,,,,편의점,"경기도 용인시 기흥구 덕영대로 1732, 경희대학교 공학관 지하1층 일부호 (서천동)",경기도 용인시 기흥구 서천동 1 일부호,17104,37.2443406271,127.0801141444
용인시,씨유 광교푸르지오시티점,2025-07-29,영업,,,,,편의점,"경기도 용인시 수지구 광교중앙로 297, 광교2차 푸르지오시티 D동 1층 106호, 107호 일부호 (상현동)",경기도 용인시 수지구 상현동 1117-8 광교2차 푸르지오시티 D동 ,16944,37.2967243935,127.0686079554
용인시,씨유용인플랫폼시티점,2025-04-24,영업,,,,,편의점,"경기도 용인시 기흥구 이현로29번길 72-42, 성호샤인힐즈아파트상가 1층 101일부호 (보정동)",경기도 용인시 기흥구 보정동 905 성호샤인힐즈아파트상가 101일부호,16931,37.3031098805,127.0977966453
용인시,CU수지죽전디지털밸리점,2013-02-28,영업,,,,,편의점,"경기도 용인시 수지구 디지털벨리로 3 (죽전동, 성현마을 광명샤인빌 상가 101호 일부)",경기도 용인시 수지구 죽전동 1355 성현마을 광명샤인빌 상가 101호 일부 ,16882,37.3275329352,127.1324094528
용인시,세븐일레븐용인완장삼거리점,2020-04-20,영업,,,,,편의점,"경기도 용인시 처인구 남사읍 상동로 7, 1층 일부",경기도 용인시 처인구 남사읍 완장리 491-1 ,17115,37.1655744798,127.1775280019
용인시,세븐일레븐 뉴흥덕주공점,2025-01-17,영업,,,,,편의점,"경기도 용인시 기흥구 흥덕1로79번길 7, 나상가동 101일부호 (영덕동, 휴먼시아 흥덕마을1단지)",경기도 용인시 기흥구 영덕동 980 휴먼시아 흥덕마을1단지 나상가동 101일부호,16954,37.2732196887,127.0671291568
용인시,GS25용인수지고점,2025-09-19,영업,,,,,편의점,"경기도 용인시 수지구 수풍로 64, 수지4차삼성아파트 1층 101호 (풍덕천동)",경기도 용인시 수지구 풍덕천동 663-1 수지4차삼성아파트 ,16830,37.3296936315,127.0930495444
용인시,GS25 동천본점,2025-07-24,영업,,,,,편의점,"경기도 용인시 수지구 동천로 31, 1층 일부호 (동천동)",경기도 용인시 수지구 동천동 768-1 ,16826,37.3407038947,127.0996057739
용인시,세븐일레븐용인삼계점,2020-04-27,영업,,,,,편의점,"경기도 용인시 처인구 포곡읍 포곡로 289-1, 101-1호 (진형월드아파트)",경기도 용인시 처인구 포곡읍 삼계리 491-1 진형월드아파트 ,17028,37.2805689512,127.2326961316
용인시,GS25 용인리슈빌점,2019-10-29,영업,,,,,편의점,"경기도 용인시 처인구 포곡읍 포곡로 82, 1층 일부",경기도 용인시 처인구 포곡읍 둔전리 386-12 ,17027,37.2680346139,127.2151344645
용인시,씨유(CU)용인영문점,2025-01-16,영업,,,,,편의점,"경기도 용인시 처인구 포곡읍 영문로 123, 101호 일부",경기도 용인시 처인구 포곡읍 영문리 380 ,17040,37.2749609286,127.2055431952
용인시,씨유 광교우미뉴브점,2025-01-09,영업,,,,,편의점,"경기도 용인시 수지구 광교중앙로 338, 광교우미뉴브 1층 R-101호 (상현동)",경기도 용인시 수지구 상현동 1220 광교우미뉴브 ,16942,37.3003038295,127.0713406671
용인시,씨유 용인두창점,2025-08-29,영업,,,,,편의점,"경기도 용인시 처인구 원삼면 백원로 179, 1층 일부",경기도 용인시 처인구 원삼면 두창리 959-44 ,17176,37.1558225104,127.3364420591
용인시,이마트24용인이삭점,2023-09-13,영업,,,,,편의점,"경기도 용인시 처인구 경안천로256번길 47-14, 상가동 101,102일부호 (고림동, 이삭아파트)",경기도 용인시 처인구 고림동 411-1 이삭아파트 ,17039,37.2521525910,127.2268877791
용인시,씨유 용인포곡전대리점,2025-03-06,영업,,,,,편의점,"경기도 용인시 처인구 포곡읍 전대로 99, 1층 일부",경기도 용인시 처인구 포곡읍 전대리 373-12 ,17023,37.2858916843,127.2152927918
용인시,지에스25 동백주공점,2025-10-02,영업,,,,,편의점,"경기도 용인시 기흥구 동백8로 68, 호수마을주공3단지아파트 가상가동 106호 (동백동)",경기도 용인시 기흥구 동백동 602 호수마을주공3단지아파트 가상가동 106호,17000,37.2845774793,127.1580912175
용인시,이마트24용인신원점,2022-01-06,영업,,,,,편의점,"경기도 용인시 처인구 포곡읍 곡현로 296, B동 1층 일부",경기도 용인시 처인구 포곡읍 신원리 340-1 B동 1층 일부 ,17022,37.3113517698,127.2210537897
용인시,이마트24 기흥영덕점,2025-01-31,영업,,,,,편의점,"경기도 용인시 기흥구 석현로 70, 1층 101일부호 (영덕동)",경기도 용인시 기흥구 영덕동 1052-1 101일부호,16950,37.2715865416,127.0817224303
용인시,지에스25용인성산점,2020-01-15,영업,,,,,편의점,"경기도 용인시 처인구 유림로 199, 1층 (유방동)",경기도 용인시 처인구 유방동 776-2 ,17042,37.2616150220,127.1928513683
용인시,세븐일레븐 기흥상갈점,2025-02-18,영업,,,,,편의점,"경기도 용인시 기흥구 금화로108번길 31, 1층 101일부호 (상갈동)",경기도 용인시 기흥구 상갈동 100-25 101일부호,17067,37.2692555012,127.1064246101
용인시,세븐일레븐용인포곡쉐르빌점,2025-02-28,영업,,,,,편의점,"경기도 용인시 처인구 포곡읍 포곡로 159-1, 용인포곡삼성쉐르빌아파트 105호",경기도 용인시 처인구 포곡읍 둔전리 449 용인포곡삼성쉐르빌아파트 105호,17027,37.2732200077,127.2198974051
용인시,봉봉24 기흥구성점,2025-01-02,영업,,,,,편의점,"경기도 용인시 기흥구 구성로 105-15, 분산상가비동 103일부호 (언남동, 하마비마을동일하이빌1차아파트)",경기도 용인시 기흥구 언남동 486 하마비마을동일하이빌1차아파트 분산상가비동 103일부호,16918,37.2944847983,127.1228108920
용인시,씨유 보정플랫폼시티점,2025-05-20,영업,,,,,편의점,"경기도 용인시 기흥구 이현로30번길 3, 솔뫼마을현대홈타운 상가동 1층 (105,106)일부호 (보정동)",경기도 용인시 기흥구 보정동 1169 솔뫼마을현대홈타운 상가동 ,16926,37.3087919847,127.0987820034
용인시,씨유용인sk반도체점,2025-05-16,영업,,,,,편의점,"경기도 용인시 처인구 원삼면 보개원삼로 1566, 101호",경기도 용인시 처인구 원삼면 죽능리 133-11 ,17170,37.1344169935,127.3084874779
용인시,세븐일레븐 용인금학점,2020-03-13,영업,,,,,편의점,경기도 용인시 처인구 금학로383번길 18 (김량장동),경기도 용인시 처인구 김량장동 155-7 ,17044,37.2392221971,127.2062685379
용인시,세븐일레븐 뉴기흥롯데아울렛점,2018-12-05,영업,,,,,편의점,"경기도 용인시 기흥구 신고매로 124, 롯데프리미엄아울렛기흥점 주건축물제1동 1층일부 (고매동)",경기도 용인시 기흥구 고매동 280 롯데프리미엄아울렛기흥점 주건축물제1동 1층일부 ,17087,37.2254498143,127.1209568881
용인시,씨유기흥중부대로점,2025-09-18,영업,,,,,편의점,"경기도 용인시 기흥구 중부대로 814, 1층 일부호 (상하동)",경기도 용인시 기흥구 상하동 148-2 1층 일부호,17077,37.2560859119,127.1433571363
용인시,세븐일레븐(용인역북점),2003-03-28,영업,,,,,편의점,경기도 용인시 처인구 명지로 15-8 (역북동),경기도 용인시 처인구 역북동 722-4 ,17057,37.2344205123,127.1896923715
용인시,씨유 죽전스퀘어점,2024-12-27,영업,,,,,편의점,"경기도 용인시 수지구 디지털벨리로 81, 다우기술사옥 1층 일부호 (죽전동)",경기도 용인시 수지구 죽전동 23-7 다우기술 ,16878,37.3331363322,127.1372022789
용인시,지에스25기흥롯데점,2019-06-24,영업,,,,,편의점,"경기도 용인시 기흥구 신정로 25, 201동 120일부호 (신갈동, 신흥덕롯데캐슬레이시티)",경기도 용인시 기흥구 신갈동 736 신흥덕롯데캐슬레이시티 201동 120일부호,17094,37.2715227277,127.1024425519
용인시,씨유 기흥영덕점,2019-03-14,영업,,,,,편의점,"경기도 용인시 기흥구 흥덕4로30번길 11, 상가동 1층 104일부호 (영덕동, 흥덕마을 13단지 경남아너스빌)",경기도 용인시 기흥구 영덕동 1117 흥덕마을 13단지 경남아너스빌 상가동 104일부호,16948,37.2743247458,127.0914640917
용인시,세븐일레븐 성복역점,2020-11-12,영업,,,,,편의점,"경기도 용인시 수지구 수지로112번길 11, 1층 105호일부호 (성복동)",경기도 용인시 수지구 성복동 66-10 ,16858,37.3125953981,127.0804570894
용인시,세븐일레븐 성복롯데캐슬점,2019-01-03,영업,,,,,편의점,"경기도 용인시 수지구 심곡로 87, 수지 제일 아이조움 B210호 (성복동)",경기도 용인시 수지구 성복동 33-5 수지 제일 아이조움 ,16860,37.3107161657,127.0817765900
용인시,gs25 기흥풍경채,2024-02-23,영업,,,,,편의점,"경기도 용인시 기흥구 흥덕1로 20, 101일부호 (영덕동, 광교 풍경채 어바니티)",경기도 용인시 기흥구 영덕동 751-3 광교 풍경채 어바니티 101일부호,16955,37.2703968975,127.0692093665
용인시,씨스페이스 다이어리,2024-09-19,영업,,,,,편의점,"경기도 용인시 처인구 모현읍 곡현로485번길 30, 2동 지면과맞닿은 지하2층 일부",경기도 용인시 처인구 모현읍 매산리 산 85-2 ,17031,37.3275722674,127.2191313916
용인시,씨유용인유운점,2024-04-22,영업,,,,,편의점,"경기도 용인시 처인구 포곡읍 곡현로 185, 1층 일부",경기도 용인시 처인구 포곡읍 유운리 204-3 ,17022,37.3029040992,127.2242106234
용인시,씨유 뉴강남대정문점,2020-03-06,영업,,,,,편의점,"경기도 용인시 기흥구 강남로 8, 우성메디피아 105일부호 (구갈동)",경기도 용인시 기흥구 구갈동 595 우성메디피아 105일부호,16978,37.2709004844,127.1272935690
용인시,씨유양지중부센트럴점,2024-04-22,영업,,,,,편의점,"경기도 용인시 처인구 양지면 중부대로 2236, B동 1층",경기도 용인시 처인구 양지면 양지리 484-3 ,17158,37.2333045103,127.2887232187
용인시,씨유 단국대죽전웅비홀점,2024-03-05,영업,,,,,편의점,경기도 용인시 수지구 죽전로 152 (기흥구 마북로 247번길 109)단국대학교 웅비홀 지하1층 일부(107)호 (죽전동),경기도 용인시 수지구 죽전동 1491 단국대학교 ,16890,37.3188404496,127.1314134583
용인시,지에스25용인통삼점,2019-08-19,영업,,,,,편의점,"경기도 용인시 처인구 남사읍 경기동로 38, 1층일부",경기도 용인시 처인구 남사읍 통삼리 620-8 1층일부 ,17118,37.1470565967,127.1331608756
용인시,씨유보평스타힐스점,2024-07-09,영업,,,,,편의점,"경기도 용인시 처인구 한터로 55-30, 근린생활시설1동 101호 (유방동, 용인보평역 서희스타힐스 리버파크)",경기도 용인시 처인구 유방동 330-1 용인보평역 서희스타힐스 리버파크 ,17041,37.2566802435,127.2164966298
용인시,지에스25모현원룸,2024-02-28,영업,,,,,편의점,"경기도 용인시 처인구 모현읍 외대로26번길 10, 1층 101,102호","경기도 용인시 처인구 모현읍 왕산리 503-1 101,102호",17035,37.3356587680,127.2518499816
용인시,씨유 처인주공2단지점,2024-02-29,영업,,,,,편의점,"경기도 용인시 처인구 중부대로1388번길 6-16, 김량주공2단지아파트 상가동 103호 (김량장동)",경기도 용인시 처인구 김량장동 502-3 김량주공2단지아파트 ,17061,37.2330143013,127.1966425663
용인시,세븐일레븐 구성역플랫폼시티점,2024-03-25,영업,,,,,편의점,"경기도 용인시 기흥구 구성로 17, 1층 101호 일부호 (마북동)",경기도 용인시 기흥구 마북동 370-8 ,16917,37.2951879163,127.1116713808
용인시,이마트24 용인천덕산로점,2024-03-14,영업,,,,,편의점,"경기도 용인시 처인구 남사읍 천덕산로 279, 1층 일부",경기도 용인시 처인구 남사읍 진목리 200-1 ,17124,37.1056613019,127.1353864157
용인시,GS25기흥상갈점,2020-06-11,영업,,,,,편의점,"경기도 용인시 기흥구 상갈로 31, 진빌딩 1층 101일부호 (상갈동)",경기도 용인시 기흥구 상갈동 119-8 진빌딩 1층 101일부호 ,17067,37.2691534330,127.1082635834
용인시,씨유 언남동일점,2017-06-16,영업,,,,,편의점,"경기도 용인시 기흥구 언남로 17-1, 동일하이빌2차아파트 상가동 101호 (언남동)",경기도 용인시 기흥구 언남동 496 동일하이빌2차아파트 ,16918,37.2934361418,127.1275434602
용인시,씨유수지롯데캐슬점,2024-08-29,영업,,,,,편의점,"경기도 용인시 수지구 만현로 27, 만현마을1단지 롯데캐슬아파트 상가동 109호,110호 (상현동)",경기도 용인시 수지구 상현동 859 만현마을롯데캐슬아파트 ,16928,37.3125988838,127.0891580094
용인시,씨유 광교풍경채점,2024-03-15,영업,,,,,편의점,"경기도 용인시 기흥구 흥덕1로 20, A114,A115호 (영덕동, 광교 풍경채 어바니티)",경기도 용인시 기흥구 영덕동 751-3 광교 풍경채 어바니티 ,16955,37.2703968975,127.0692093665
용인시,씨유용인둔전힐스점,2024-03-21,영업,,,,,편의점,"경기도 용인시 처인구 금어로 46, B동 B102호 (고림동, 힐스테이트 용인 둔전역)",경기도 용인시 처인구 고림동 1021 힐스테이트 용인 둔전역 ,17038,37.2647585009,127.2210114507
용인시,씨유 신갈캐슬점,2024-03-29,영업,,,,,편의점,"경기도 용인시 기흥구 신갈로58번길 14, 1층 일부호 (신갈동)",경기도 용인시 기흥구 신갈동 61-7 1층 일부호 ,17064,37.2721158361,127.1073007801
용인시,GS25강남대빌리지점,2013-11-27,영업,,,,,편의점,"경기도 용인시 기흥구 강남서로67번길 1, 1층 일부호 (구갈동)",경기도 용인시 기흥구 구갈동 564-3 일부호,16977,37.2767927437,127.1292497885
용인시,GS25 동백사거리점,2024-08-22,영업,,,,,편의점,경기도 용인시 기흥구 평촌1로8번길 11-28 (동백동),경기도 용인시 기흥구 동백동 607-1 ,17001,37.2854594500,127.1514312984
용인시,(주)코리아세븐 용인둔전중앙점,2021-03-05,영업,,,,,편의점,"경기도 용인시 처인구 포곡읍 포곡로 99, 1층 일부호",경기도 용인시 처인구 포곡읍 둔전리 378-26 1층 일부호,17027,37.2692008731,127.2165737608
용인시,GS25 용인청덕점,2016-10-24,영업,,,,,편의점,"경기도 용인시 기흥구 구성로 395 (청덕동, 상가동 101호)",경기도 용인시 기흥구 청덕동 565 상가동 101호 ,16894,37.2926106620,127.1525039735
용인시,씨유 신갈도현점,2024-04-16,영업,,,,,편의점,"경기도 용인시 기흥구 구갈로 115-18, 도현마을현대아이파크아파트 1층 108 우측일부호 (신갈동)",경기도 용인시 기흥구 신갈동 165 도현마을현대아이파크아파트 108일부호,16962,37.2864650997,127.1097419702
용인시,세븐일레븐 용인보라본점,2020-08-27,영업,,,,,편의점,"경기도 용인시 기흥구 한보라1로 8, 스카이프라자 105일부호 (보라동)",경기도 용인시 기흥구 보라동 573-6 스카이프라자 105일부호 ,17080,37.2540047777,127.1094245801
용인시,지에스25용인CGV점,2018-02-07,영업,,,,,편의점,"경기도 용인시 처인구 금령로90번길 3-4, 1층 (김량장동)",경기도 용인시 처인구 김량장동 87-2 1층 일부 ,17051,37.2350309622,127.2063862630
용인시,세븐일레븐 용인구갈타운점,2016-11-02,영업,,,,,편의점,"경기도 용인시 기흥구 기흥로14번길 12-2 (구갈동, 1층)",경기도 용인시 기흥구 구갈동 275 1층 ,16975,37.2773858420,127.1173464587
용인시,지에스25처인고림점,2024-10-17,영업,,,,,편의점,"경기도 용인시 처인구 고림로110번길 27, 1층 일부 (고림동)",경기도 용인시 처인구 고림동 748-7 ,17151,37.2403392099,127.2170764718
용인시,씨유 나눔용인데시앙점,2024-07-18,영업,,,,,편의점,"경기도 용인시 처인구 금령로90번길 11, 상가1동 104호 (김량장동)",경기도 용인시 처인구 김량장동 309-1 ,17051,37.2340881492,127.2078667597
용인시,세븐일레븐 용인카페거리점,2017-11-06,영업,,,,,편의점,"경기도 용인시 기흥구 죽전로15번길 7-3 (보정동, 1층 일부)",경기도 용인시 기흥구 보정동 1193-7 1층 일부 ,16897,37.3211604267,127.1099802409
용인시,지에스25 용인곡현로점,2024-11-26,영업,,,,,편의점,"경기도 용인시 처인구 포곡읍 곡현로 332, 1층 일부",경기도 용인시 처인구 포곡읍 신원리 276-5 ,17022,37.3145770216,127.2203195940
용인시,이마트24 용인모현왕림점,2024-10-10,영업,,,,,편의점,"경기도 용인시 처인구 모현읍 왕림로50번길 12-5, 106호 (대풍빌라트2)",경기도 용인시 처인구 모현읍 동림리 39 대풍빌라트2 ,16884,37.3423384228,127.1806009337
용인시,세븐일레븐강남대타운점,2013-02-01,영업,,,,,편의점,"경기도 용인시 기흥구 강남동로 18 (구갈동, 강남마을코오롱하늘채상가동 106호)",경기도 용인시 기흥구 구갈동 597 강남마을코오롱하늘채상가동 106호 ,16978,37.2708249922,127.1290873089
용인시,씨유용인쌍용점,2024-07-25,영업,,,,,편의점,"경기도 용인시 기흥구 중부대로788번길 20, 104일부호 (상하동, 수원동마을 쌍용아파트)",경기도 용인시 기흥구 상하동 621 분산상가동 104일부호,17077,37.2582744378,127.1397606766
용인시,씨유동천더샵이스트포레점,20200702,영업,,,,,편의점,"경기도 용인시 수지구 수풍로 89, 102호 일부호 (동천동, 더샵 동천 이스트포레)",경기도 용인시 수지구 동천동 산 151-2 더샵 동천 이스트포레 ,16821,37.3320194760,127.0931273042
용인시,세븐일레븐 용인서천본점,2021-05-17,영업,,,,,편의점,"경기도 용인시 기흥구 서천로117번길 9, 원희캐슬 서천2 1층 114일부호 (서천동)",경기도 용인시 기흥구 서천동 807 원희캐슬 서천2 1층 114일부호,17108,37.2370175309,127.0740217171
용인시,GS25 수지삼영점,20161024,영업,,,,,편의점,"경기도 용인시 수지구 성복2로76번길 26-2 (성복동, 샤르망3 103호일부)",경기도 용인시 수지구 성복동 748 샤르망3 103호일부 ,16848,37.3148931335,127.0802298934
용인시,씨유기흥힉스점,2019-12-23,영업,,,,,편의점,"경기도 용인시 기흥구 중부대로 184, 힉스유타워 A동 161일부호 (영덕동)",경기도 용인시 기흥구 영덕동 1315 힉스유타워A동 161일부호 ,17095,37.2691657044,127.0905783853
용인시,씨유기흥동백점,20210504,영업,,,,,편의점,"경기도 용인시 기흥구 동백2로 14, 어은목마을경남아너스빌 상가동 1층 101일부호 (중동)",경기도 용인시 기흥구 중동 1050 어은목마을경남아너스빌 상가동 1층 101일부호 ,17010,37.2673979567,127.1553605510
용인시,주식회사 허스키유통,20210705,영업,,,,,편의점,"경기도 용인시 처인구 원삼면 보개원삼로 1460, 1동 1호 일부",경기도 용인시 처인구 원삼면 목신리 271-1 1동 1호 일부 ,17170,37.1257664194,127.3104005401
용인시,지에스25죽전탄천점,20210702,영업,,,,,편의점,"경기도 용인시 수지구 대지로15번길 80, 대지마을현대홈타운3차2단지아파트 1층 101호 일부호 (죽전동)",경기도 용인시 수지구 죽전동 1118 대지마을현대홈타운3차2단지아파트 ,,,
용인시,GS25 신봉센트레빌점,2021-06-15,영업,,,,,편의점,"경기도 용인시 수지구 신봉1로 214, 근린생활시설 1층 105 일부호 (신봉동, 신봉마을 동부센트레빌 5단지)",경기도 용인시 수지구 신봉동 949 신봉마을 동부센트레빌 5단지 ,16811,37.3309145510,127.0662791055
용인시,지에스25포곡골든점,2018-11-29,영업,,,,,편의점,"경기도 용인시 처인구 포곡읍 전대로78번길 19-2, 1층 101호",경기도 용인시 처인구 포곡읍 전대리 356-1 골든튤립에버호텔 ,17023,37.2870670074,127.2167549578
용인시,지에스25용인모현점,2018-10-25,영업,,,,,편의점,"경기도 용인시 처인구 모현읍 외대로 22, 1층 103,104호",경기도 용인시 처인구 모현읍 왕산리 945-18 원당프라자 ,17035,37.3364521983,127.2519489714
용인시,GS25명지대후문점,2017-09-11,영업,,,,,편의점,"경기도 용인시 처인구 명지로116번길 9-58 (남동, 지하1층, 102호)","경기도 용인시 처인구 남동 581-2 지하1층, 102호 ",17058,37.2245383208,127.1818423494
용인시,지에스25 용인빌리지점,2024-01-30,영업,,,,,편의점,"경기도 용인시 처인구 중부대로1424번길 10, 101호 (김량장동, 현대하이츠)",경기도 용인시 처인구 김량장동 351-11 현대하이츠 ,17062,37.2318298064,127.2023064851
용인시,세븐일레븐 동백모아미래도점,2021-04-13,영업,,,,,편의점,"경기도 용인시 기흥구 동백8로 90, 상가동 105-2, 106-2호 (동백동, 백현마을모아미래도1단지아파트)",경기도 용인시 기흥구 동백동 599 백현마을모아미래도1단지아파트 ,17003,37.2840265400,127.1608462796
용인시,이마트24용인백암점,20171116,영업,,,,,편의점,"경기도 용인시 처인구 백암면 죽양대로 809 (2층 일부, 지면과 맞닿음)","경기도 용인시 처인구 백암면 백봉리 600-2 (2층 일부, 지면과 맞닿음) ",17180,37.1398428014,127.3941257346
용인시,지에스25언남리가점,2023-09-07,영업,,,,,편의점,"경기도 용인시 기흥구 언남로 5, B103호 (언남동, 스파팰리스리가)",경기도 용인시 기흥구 언남동 503 스파팰리스리가 ,16918,37.2926403692,127.1267350578
용인시,GS25용인갈담점,2011-09-26,영업,,,,,편의점,경기도 용인시 처인구 모현읍 백옥대로 2228,경기도 용인시 처인구 모현읍 갈담리 332-6 GS25마트내 ,17036,37.3234205575,127.2446327304
용인시,지에스25포곡로드점,2023-12-05,영업,,,,,편의점,"경기도 용인시 처인구 포곡읍 석성로 1138, 1층 일부",경기도 용인시 처인구 포곡읍 영문리 497-20 ,17023,37.2789799705,127.2199099034
용인시,(주)코리아세븐 구갈타운점,2019-04-24,영업,,,,,편의점,"경기도 용인시 기흥구 관곡로77번길 3-12, 구갈중앙프라자 107호 일부호 (구갈동)",경기도 용인시 기흥구 구갈동 360-3 구갈중앙프라자 ,16963,37.2821907593,127.1147162837
용인시,GS25 경희대기숙사1점,2023-11-24,영업,,,,,편의점,"경기도 용인시 기흥구 덕영대로 1732, 경희대학교국제캠퍼스 제2기숙사 1층 102호 일부호 (서천동)",경기도 용인시 기흥구 서천동 1 경희대학교국제캠퍼스 ,17104,37.2443406271,127.0801141444
용인시,지에스25용인한숲점,2018-08-28,영업,,,,,편의점,"경기도 용인시 처인구 남사읍 한숲로 60, 1층 105호",경기도 용인시 처인구 남사읍 아곡리 698 1층 105호 일부 ,17117,37.1532721071,127.1716679279
용인시,GS25 수지수석점,2020-11-30,영업,,,,,편의점,"경기도 용인시 수지구 수지로296번길 47, 수석빌딩 1층 103호일부호 (풍덕천동)",경기도 용인시 수지구 풍덕천동 1080-1 수석빌딩 ,16841,37.3218371307,127.0940964234
용인시,지에스25고림내안애점,2018-09-28,영업,,,,,편의점,"경기도 용인시 처인구 경안천로 112, 상가동 1층 101호 (고림동, 고림지구 양우내안애 에듀파크)",경기도 용인시 처인구 고림동 1005 고림지구 양우내안애 에듀파크 상가동 101호 ,17148,37.2409362954,127.2142217628
용인시,CU수지고기프리미엄,2024-01-25,영업,,,,,편의점,"경기도 용인시 수지구 고기로 379, 1층 일부호 (고기동)",경기도 용인시 수지구 고기동 109-2 ,16801,37.3588249731,127.0672590540
용인시,씨유수지동천점,20171101,영업,,,,,편의점,"경기도 용인시 수지구 동천로 12, 107호 (동천동, 하나프라자)",경기도 용인시 수지구 동천동 180-5 하나프라자 107호,16825,37.3416473798,127.1013958140
용인시,씨유용인영풍점,2019-03-07,영업,,,,,편의점,"경기도 용인시 처인구 이동읍 경기동로706번길 1, 1층 일부",경기도 용인시 처인구 이동읍 송전리 609 ,17136,37.1382791890,127.1978994667
용인시,씨유 용인청덕중앙점,2023-07-13,영업,,,,,편의점,"경기도 용인시 기흥구 구성3로28번길 12, 한양프라자 101일부호 (청덕동)",경기도 용인시 기흥구 청덕동 502-9 한양프라자 101일부호 ,16892,37.2946096069,127.1517726925
용인시,씨유용인터미널점,2011-04-05,영업,,,,,편의점,"경기도 용인시 처인구 백옥대로 1076 (김량장동, 외1필지 훼미리마트 내)",경기도 용인시 처인구 김량장동 24 외1필지 훼미리마트 내 ,17063,37.2318480816,127.2096678505
용인시,세븐일레븐 용인원암점,2023-03-10,영업,,,,,편의점,"경기도 용인시 처인구 남사읍 천덕산로 476, 1층 1호",경기도 용인시 처인구 남사읍 원암리 194-9 ,17124,37.0914392046,127.1481022669
용인시,세븐일레븐 동백제니스점,2023-10-13,영업,,,,,편의점,"경기도 용인시 기흥구 동백죽전대로 507, 2동 142호 (동백동, 용인동백두산위브더제니스)",경기도 용인시 기흥구 동백동 694 용인동백두산위브더제니스 ,16993,37.2851220110,127.1501016751
용인시,세븐일레븐 상하퍼스트점,20220125,영업,,,,,편의점,"경기도 용인시 기흥구 언동로 214-2, 가동 101호 일부호 (상하동)",경기도 용인시 기흥구 상하동 492 ,16986,37.2767733398,127.1434738790
용인시,세븐일레븐 용인둔전시티점,2021-12-31,영업,,,,,편의점,"경기도 용인시 처인구 포곡읍 포곡로118번길 7, 1층 편의점 내",경기도 용인시 처인구 포곡읍 둔전리 155-4 1층 편의점 내 ,17027,37.2695041395,127.2190088606
용인시,세븐일레븐 서리중앙점,2023-12-15,영업,,,,,편의점,"경기도 용인시 처인구 이동읍 서리로102번길 1-8, 1층 일부",경기도 용인시 처인구 이동읍 서리 180-1 서리복지회관 ,17127,37.1933218183,127.1782212958
용인시,GS25흥덕중앙점,2016-03-24,영업,,,,,편의점,"경기도 용인시 기흥구 흥덕중앙로105번길 41 (영덕동, 101호)",경기도 용인시 기흥구 영덕동 952 101호 ,16951,37.2800099340,127.0778743281
용인시,씨유명지대정은점,2019-01-25,영업,,,,,편의점,"경기도 용인시 처인구 명지로116번길 16, 1층 일부 (남동)",경기도 용인시 처인구 남동 615 그린빌 ,17058,37.2249042757,127.1872514768
용인시,씨유 수지신봉자이점,2023-10-25,영업,,,,,편의점,"경기도 용인시 수지구 신봉2로 30, 미래상가 1층 113호 일부, 115호 일부호 (신봉동)",경기도 용인시 수지구 신봉동 87-5 미래상가 ,16817,37.3252098816,127.0765380496
용인시,세븐일레븐용인터미널점,2016-03-18,영업,,,,,편의점,"경기도 용인시 처인구 중부대로 1486, A동 (김량장동, 1층일부)",경기도 용인시 처인구 김량장동 23-1 ,17063,37.2326053095,127.2096874938
용인시,GS25포곡으뜸점,2016-07-15,영업,,,,,편의점,경기도 용인시 처인구 포곡읍 전대로 30,경기도 용인시 처인구 포곡읍 전대리 137-3 ,17023,37.2820035372,127.2215569675
용인시,씨유남사봉명점,2019-03-22,영업,,,,,편의점,"경기도 용인시 처인구 남사읍 처인성로 25, 1층 일부",경기도 용인시 처인구 남사읍 봉명리 74-1 ,17118,37.1088683064,127.1347182533
용인시,씨유용인마평점,2019-03-08,영업,,,,,편의점,"경기도 용인시 처인구 금령로 164, 1층 일부 (마평동)",경기도 용인시 처인구 마평동 627-9 1층 일부 ,17154,37.2344011779,127.2142464318
용인시,지에스25기흥중부대로점,2024-02-13,영업,,,,,편의점,"경기도 용인시 기흥구 중부대로 734, 비동 1층 (상하동)",경기도 용인시 기흥구 상하동 307-3 비동 ,17070,37.2622130116,127.1395840299
용인시,씨유 수지애플프라자점,20221124,영업,,,,,편의점,"경기도 용인시 수지구 현암로 101, 애플프라자 1층 104호 일부호 (죽전동)",경기도 용인시 수지구 죽전동 1176-1 애플프라자 ,16875,37.3319571004,127.1204675845
용인시,씨유모현초부점,2019-05-02,영업,,,,,편의점,"경기도 용인시 처인구 모현읍 백옥대로 1996, 1층 일부",경기도 용인시 처인구 모현읍 초부리 808-16 ,17037,37.3042553736,127.2357041499
용인시,씨유용인둔전점,2019-01-23,영업,,,,,편의점,"경기도 용인시 처인구 포곡읍 포곡로117번길 11, 1층 일부",경기도 용인시 처인구 포곡읍 둔전리 367 송암빌딩 ,17027,37.2707353135,127.2174364965
용인시,세븐일레븐죽전2점,2020-03-27,영업,,,,,편의점,"경기도 용인시 수지구 대지로 43, 금강프라자 1층 105일부호 (죽전동)",경기도 용인시 수지구 죽전동 484-9 금강프라자 ,16872,37.3286110329,127.1142987721
용인시,미니스톱용인영화점,20161222,영업,,,,,편의점,"경기도 용인시 처인구 경안천로256번길 47-12 (고림동, 임원마을아파트 상가동 101,102호 일부)","경기도 용인시 처인구 고림동 996 임원마을아파트 상가동 101,102호 일부 ",,,
용인시,지에스25 기흥센트럴점,2018-08-16,영업,,,,,편의점,"경기도 용인시 기흥구 기흥역로58번길 10, 근린생활시설동 1층 1-110호 (구갈동, 기흥역센트럴푸르지오)",경기도 용인시 기흥구 구갈동 234-2 기흥역센트럴푸르지오 근린생활시설 1층 1-110호 ,17066,37.2728697370,127.1201101974
용인시,지에스25흥덕이시티점,2023-10-05,영업,,,,,편의점,"경기도 용인시 기흥구 흥덕2로87번길 18, 이씨티 A117일부호 (영덕동)",경기도 용인시 기흥구 영덕동 985-1 이씨티 A117일부호 ,16954,37.2759130636,127.0715918075
용인시,지에스25(GS25)흥덕유타워,2022-11-25,영업,,,,,편의점,"경기도 용인시 기흥구 흥덕중앙로 120, U-TOWER 103호 일부호 (영덕동)",경기도 용인시 기흥구 영덕동 1029 U-TOWER ,16950,37.2748617644,127.0800687639
용인시,이마트24R동백역점,20210824,영업,,,,,편의점,"경기도 용인시 기흥구 동백3로11번길 13, 메디팰리스 1층 104일부호 (중동)",경기도 용인시 기흥구 중동 850-5 1층 104일부호 ,17006,37.2700578490,127.1525399726
용인시,씨유용인민속촌입구점,2022-07-18,영업,,,,,편의점,"경기도 용인시 기흥구 민속촌로 43, 102호 일부호 (보라동, 현대빌딩)",경기도 용인시 기흥구 보라동 407-1 현대빌딩 102호 일부호 ,17074,37.2552951313,127.1098351571
용인시,지에스25(GS25)수지초입,20220915,영업,,,,,편의점,"경기도 용인시 수지구 문인로 56, 가동 1층 일부호 (동천동)",경기도 용인시 수지구 동천동 884-7 ,16828,37.3333474192,127.0966082492
용인시,CU 수지신봉마을점,20221025,영업,,,,,편의점,"경기도 용인시 수지구 신봉3로12번길 9, 상가동 지하1층 B01호 일부호 (신봉동, 신봉마을 동일하이빌4단지)",경기도 용인시 수지구 신봉동 976 신봉마을 동일하이빌4단지 ,16808,37.3293961948,127.0651816324
용인시,씨유용인신동백점,20150522,영업,,,,,편의점,"경기도 용인시 기흥구 언동로217번길 31, 101호 (중동)",경기도 용인시 기흥구 중동 1139 101호,16988,37.2774987679,127.1479260751
용인시,이마트24R명지대복지동점,20220906,영업,,,,,편의점,"경기도 용인시 처인구 명지로 116, 명지대자연캠퍼스 제3생활관B동 1층 일부 (남동)",경기도 용인시 처인구 남동 555 명지대자연캠퍼스 제3생활관B동 1층 일부 ,17058,37.2189187154,127.1837708068
용인시,gs25기흥예현마을점,2022-05-11,영업,,,,,편의점,"경기도 용인시 기흥구 예현로35번길 23, 예현마을현대홈타운아파트 상가동 104호 일부호 (서천동)",경기도 용인시 기흥구 서천동 705 예현마을현대홈타운아파트 상가동 ,17103,37.2421572168,127.0670362736
용인시,씨유남사한숲스퀘어점,20220413,영업,,,,,편의점,"경기도 용인시 처인구 남사읍 한숲로 45, 한숲스퀘어옐로우 131호",경기도 용인시 처인구 남사읍 아곡리 694 ,17117,37.1528263228,127.1701945982
용인시,(주)비지에프리테일 광교솔하임점,20220913,영업,,,,,편의점,"경기도 용인시 수지구 상현로 6, 1층 101호 일부호 (상현동, 광교상현 솔하임)",경기도 용인시 수지구 상현동 1219 광교상현 솔하임 ,16941,37.3025152269,127.0746681070
용인시,씨유용인양지주북점,20220920,영업,,,,,편의점,"경기도 용인시 처인구 양지면 주북로 235-9, 1층 일부",경기도 용인시 처인구 양지면 주북리 299-1 1층 일부 ,17159,37.2464674576,127.2570926619
용인시,이마트24 신봉수자인점,20171023,영업,,,,,편의점,"경기도 용인시 수지구 태봉로27번길 11-23 (신봉동, 1층 일부)",경기도 용인시 수지구 신봉동 495-5 1층 일부 ,16803,37.3348139266,127.0579934470
용인시,지에스25 기흥백현점,2018-08-20,영업,,,,,편의점,"경기도 용인시 기흥구 동백7로 84, 백현마을코아루아파트 상가동 102일부호 (동백동)",경기도 용인시 기흥구 동백동 661 백현마을코아루아파트상가동 102일부호 ,17003,37.2812478502,127.1600127028
용인시,이마트24 수지신봉점,20220728,영업,,,,,편의점,"경기도 용인시 수지구 신봉3로7번길 31, 근린생활시설 1층 116호 일부호 (신봉동, 수지스카이뷰푸르지오)",경기도 용인시 수지구 신봉동 1034 수지스카이뷰푸르지오 ,16811,37.3265377904,127.0698372020
용인시,씨유서천빌리지점,20220908,영업,,,,,편의점,"경기도 용인시 기흥구 서천동로 101, 1층 (농서동)",경기도 용인시 기흥구 농서동 433 ,17111,37.2340588609,127.0709494135
용인시,CU용인행정타운점,20221027,영업,,,,,편의점,"경기도 용인시 처인구 중부대로 1154, 인앤인프라자 103,104,113호 (삼가동)",경기도 용인시 처인구 삼가동 250-39 인앤인프라자 ,17091,37.2393342092,127.1733243999
용인시,씨유 백암터미널점,20220318,영업,,,,,편의점,"경기도 용인시 처인구 백암면 백암로 219-1, 1층 일부",경기도 용인시 처인구 백암면 백암리 374-14 ,17178,37.1656662943,127.3735226568
용인시,GS25포곡제일점,20140605,영업,,,,,편의점,경기도 용인시 처인구 포곡읍 전대로 85,경기도 용인시 처인구 포곡읍 전대리 360-5 ,17023,37.2852549739,127.2166602184
용인시,세븐일레븐 용인단국사랑점,2022-09-05,영업,,,,,편의점,"경기도 용인시 수지구 죽전로144번길 7-2, 1층 일부호 (죽전동)",경기도 용인시 수지구 죽전동 1323-1 ,16889,37.3232525291,127.1241795983
용인시,세븐일레븐용인명지로점,2019-04-09,영업,,,,,편의점,"경기도 용인시 처인구 명지로 305, 1층 일부 (남동)",경기도 용인시 처인구 남동 35-8 1층 일부 ,17060,37.2273121764,127.2089187051
용인시,이마트24 수지이현로점,2022-04-25,영업,,,,,편의점,"경기도 용인시 수지구 이현로 126, 오루체 트리플 101동 101호 일부호 (상현동)",경기도 용인시 수지구 상현동 24-3 오루체 트리플 ,16928,37.3138387307,127.0905845146
용인시,지에스(GS)25서천현대점,20151209,영업,,,,,편의점,"경기도 용인시 기흥구 서그내로16번길 11 (서천동, 1층)",경기도 용인시 기흥구 서천동 294-17 1층 ,17103,37.2451962608,127.0723633331
용인시,세븐일레븐 기흥 대명점,20220104,영업,,,,,편의점,"경기도 용인시 기흥구 덕영대로2077번길 57, 청현마을대명레이크빌아파트상가동 105호 일부호 (영덕동)",경기도 용인시 기흥구 영덕동 946 청현마을대명레이크빌아파트상가동 105호 일부호 ,17095,37.2664161162,127.0930970705
용인시,씨유 광교산힐스점,20220816,영업,,,,,편의점,"경기도 용인시 수지구 신봉2로 154, 근린생활시설 지하7층 104호 일부호 (신봉동, 힐스테이트 광교산)",경기도 용인시 수지구 신봉동 1025 힐스테이트 광교산 ,16812,37.3332934406,127.0685343881
용인시,GS25구성효성점,20170623,영업,,,,,편의점,"경기도 용인시 기흥구 구성로53번길 12 (마북동, 1층일부)",경기도 용인시 기흥구 마북동 342-3 1층일부 ,16917,37.2960666418,127.1157738049
용인시,씨유기흥흥덕마을점,20220114,영업,,,,,편의점,"경기도 용인시 기흥구 흥덕중앙로105번길 16, 흥덕마을10단지동원로얄듀크상가동 B01,B02호 (영덕동)","경기도 용인시 기흥구 영덕동 958 흥덕마을10단지동원로얄듀크상가동 B01,B02호 ",16951,37.2774278439,127.0792536286
용인시,이마트24 R공세목화점,20220520,영업,,,,,편의점,"경기도 용인시 기흥구 고매로43번길 32, 성호빌딩 1층 (공세동)",경기도 용인시 기흥구 공세동 159 성호빌딩 1층 ,17084,37.2339493525,127.1151535602
용인시,씨유 용인보라점,20220624,영업,,,,,편의점,"경기도 용인시 기흥구 한보라1로64번길 2, 보가센타프라자 103호 일부호 (보라동)",경기도 용인시 기흥구 보라동 612-4 보가센타프라자 103호 일부호 ,17080,37.2502476746,127.1072226084
용인시,세븐일레븐 용인백원로점,20211028,영업,,,,,편의점,"경기도 용인시 처인구 백암면 백원로 318, 1층 일부",경기도 용인시 처인구 백암면 근창리 606-4 ,17177,37.1568592467,127.3501571156
용인시,씨유금어승리점,2021-12-16,영업,,,,,편의점,"경기도 용인시 처인구 포곡읍 금어로 161, 나동 1층 일부",경기도 용인시 처인구 포곡읍 금어리 613-6 나동 1층 일부 ,17030,37.2682809218,127.2318260003
용인시,세븐일레븐 용인마북점,20211207,영업,,,,,편의점,"경기도 용인시 기흥구 마북로59번길 1, 1층 일부호 (마북동)",경기도 용인시 기흥구 마북동 297 1층 일부호 ,16917,37.2967577177,127.1176319699
용인시,GS25신갈캐슬점,20210914,영업,,,,,편의점,"경기도 용인시 기흥구 신갈로58번길 14, 제1종근린생활시설 1층 (신갈동)",경기도 용인시 기흥구 신갈동 61-7 ,17064,37.2721158361,127.1073007801
용인시,지에스(GS)25 수지중앙점,2022-09-30,영업,,,,,편의점,"경기도 용인시 수지구 만현로 69, 만현마을5단지아이파크아파트 상가동 1층 101호 일부호 (상현동)",경기도 용인시 수지구 상현동 858 만현마을5단지아이파크아파트 ,16930,37.3097701653,127.0870405665
용인시,씨유 수지대진점,20220304,영업,,,,,편의점,"경기도 용인시 수지구 수지로 64, 102동 1층 105호 일부호 (상현동, 대진아파트)",경기도 용인시 수지구 상현동 108-1 대진아파트 ,16859,37.3086695812,127.0765856906
용인시,GS25용인배머루점,2022-02-15,영업,,,,,편의점,"경기도 용인시 처인구 포곡읍 영문로 64, 상가동 1층 (배머루마을 인정베네치아빌리지)",경기도 용인시 처인구 포곡읍 영문리 555 배머루마을 인정베네치아빌리지 ,17040,37.2723015998,127.2091065279
용인시,지에스25용인쌍용본점,2021-03-23,영업,,,,,편의점,"경기도 용인시 기흥구 사은로126번길 8, 민속마을 쌍용아파트 주상가동 1층 103일부호 (보라동)",경기도 용인시 기흥구 보라동 553 민속마을 쌍용아파트 주상가동 103일부호,17079,37.2549162027,127.1180239704
용인시,세븐일레븐용인제일메디점,2022-07-26,영업,,,,,편의점,"경기도 용인시 처인구 포곡읍 포곡로 220, 106호",경기도 용인시 처인구 포곡읍 둔전리 340 ,17027,37.2758068190,127.2275355351
용인시,씨유 용인면허시험장점,20220613,영업,,,,,편의점,"경기도 용인시 기흥구 용구대로 2257-7, 1층 101,102호 내 일부호 (신갈동)",경기도 용인시 기흥구 신갈동 673 ,16957,37.2883338890,127.1078934099
용인시,GS25용인포곡점,2014-07-01,영업,,,,,편의점,"경기도 용인시 처인구 포곡읍 전대로78번길 8, 1층",경기도 용인시 처인구 포곡읍 전대리 191-12 1층 ,17023,37.2856263231,127.2174033905
용인시,세븐일레븐 신봉자이점,2021-10-08,영업,,,,,편의점,"경기도 용인시 수지구 신봉2로14번길 2, 백산상가 1층 102호 일부호 (신봉동)",경기도 용인시 수지구 신봉동 43-3 백산상가 ,16816,37.3240163030,127.0780120533
용인시,세븐일레븐명지대명진당점,20220223,영업,,,,,편의점,"경기도 용인시 처인구 명지로 116, 명지대학교 명진당 지하1층 일부 (남동)",경기도 용인시 처인구 남동 555 명지대학교 명진당 지하1층 일부 ,17058,37.2189187154,127.1837708068
용인시,지에스25 신봉자이,20220218,영업,,,,,편의점,"경기도 용인시 수지구 신봉2로 6, 신원빌딩 2층 일부호 (신봉동)",경기도 용인시 수지구 신봉동 39-2 신원빌딩 ,16815,37.3235470678,127.0778679475
용인시,씨유수지진산마을점,20220822,영업,,,,,편의점,"경기도 용인시 수지구 진산로66번길 10, 상가2동 1층 104호 일부호 (풍덕천동, 진산마을삼성래미안5차아파트)",경기도 용인시 수지구 풍덕천동 1167 진산마을삼성래미안5차아파트 상가2동 ,16925,37.3161319512,127.0942738183
용인시,씨유 용인삼거마을점,20220516,영업,,,,,편의점,"경기도 용인시 기흥구 용구대로 2364-5, 나동 1층 일부호 (마북동)",경기도 용인시 기흥구 마북동 517 나동 1층 일부호 ,16921,37.2980280969,127.1091744987
용인시,지에스(GS)25 기흥프라자점,20220928,영업,,,,,편의점,"경기도 용인시 기흥구 마북로 132, 중앙프라자 1층 일부호 (마북동)",경기도 용인시 기흥구 마북동 170-2 중앙프라자 ,16910,37.3022169292,127.1222419443
용인시,세븐일레븐용인위브점,20220314,영업,,,,,편의점,"경기도 용인시 처인구 지삼로590번길 29, 근린생활시설동 근린생활시설-5호 (삼가동, 용인 행정타운 두산위브 3단지)",경기도 용인시 처인구 삼가동 564 용인 행정타운 두산위브 3단지 근린생활시설동 린생활시설호,17091,37.2401164511,127.1693636819
용인시,세븐일레븐 용인상현심곡점,20211213,영업,,,,,편의점,"경기도 용인시 수지구 수지로 75, 상가동 1층 103호 일부호 (상현동, 심곡마을 광교 힐스테이트)",경기도 용인시 수지구 상현동 1099 심곡마을 광교 힐스테이트 ,16857,37.3093494869,127.0751487113
용인시,지에스25용인흥덕로,2019-05-20,영업,,,,,편의점,"경기도 용인시 기흥구 흥덕4로30번길 4-20, 104일부호 (영덕동)",경기도 용인시 기흥구 영덕동 1120-4 104일부호 ,16948,37.2731605659,127.0910643249
용인시,GS25서천에이스점,2024-08-20,영업,,,,,편의점,"경기도 용인시 기흥구 서천서로12번길 6, 102호 (서천동)",경기도 용인시 기흥구 서천동 729-11 102일부호,17105,37.2408476318,127.0737859469
용인시,세븐일레븐용인우남점,2018-03-05,영업,,,,,편의점,"경기도 용인시 처인구 낙은로 59, 1층 101호 (역북동, 역북2단지 우남퍼스트빌)",경기도 용인시 처인구 역북동 787 역북2단지 우남퍼스트빌 101호 (101~103호 내) ,17045,37.2426098901,127.1949467080
용인시,씨유 삼성디스플레이점,2024-09-24,영업,,,,,편의점,"경기도 용인시 기흥구 삼성로 1, 4층 일부호 (농서동)",경기도 용인시 기흥구 농서동 산 24 일부호,17113,37.2303018745,127.0815447612
용인시,세븐일레븐 수지휴먼시아점,2024-10-04,영업,,,,,편의점,"경기도 용인시 수지구 광교마을로 90, 상가동 101호 (상현동, 휴먼시아아파트)",경기도 용인시 수지구 상현동 1135 휴먼시아아파트 ,16943,37.2971223825,127.0739650825
용인시,만나(Manna),2024-07-02,영업,,,,,편의점,"경기도 용인시 처인구 백암면 죽양대로904번길 24, 1층 일부",경기도 용인시 처인구 백암면 백봉리 757-2 ,17180,37.1478330911,127.3883378018
용인시,지에스25 기흥상하점,2018-07-17,영업,,,,,편의점,"경기도 용인시 기흥구 중부대로788번길 22, 수원동마을쌍용아파트 주상가동 1층 103일부호 (상하동)",경기도 용인시 기흥구 상하동 621 수원동마을쌍용아파트 103호일부 주상가동 ,17077,37.2575283785,127.1404521303
용인시,한국민속촌 이마트24 2호점,2019-09-16,영업,,,,,편의점,"경기도 용인시 기흥구 민속촌로 90, 한국민속촌 1층 일부호 (보라동)",경기도 용인시 기흥구 보라동 35 한국민속촌 일부호,17075,37.2565731109,127.1175081433
용인시,세븐일레븐 용인백자로점,2024-11-08,영업,,,,,편의점,"경기도 용인시 처인구 이동읍 백자로 445, 1층 일부",경기도 용인시 처인구 이동읍 천리 1020-6 ,17128,37.1940098506,127.1929226248
용인시,지에스25포곡타운점,2019-03-05,영업,,,,,편의점,"경기도 용인시 처인구 포곡읍 포곡로326번길 25, 1층",경기도 용인시 처인구 포곡읍 삼계리 379-7 1층 ,17028,37.2847763438,127.2357610062
용인시,씨유 한숲6단지점,2024-07-04,영업,,,,,편의점,"경기도 용인시 처인구 남사읍 한숲로 84, 상가동 113호 (e편한세상 용인 한숲시티)",경기도 용인시 처인구 남사읍 완장리 954 e편한세상 용인 한숲시티 ,17117,37.1546508742,127.1747927400
용인시,씨유마북가든점,2015-05-26,영업,,,,,편의점,"경기도 용인시 기흥구 마북로154번길 3 (마북동, 마북테라스가든B동104호일부)",경기도 용인시 기흥구 마북동 182-15 마북테라스가든B동104호일부 ,16911,37.3037458622,127.1239945938
용인시,세븐일레븐 신동백아이파크점,2023-01-18,영업,,,,,편의점,"경기도 용인시 기흥구 언동로217번길 16, 1층 일부호 (중동)",경기도 용인시 기흥구 중동 623-4 ,16988,37.2768341956,127.1457295809
용인시,지에스25 용인중앙도서관점,2024-02-29,영업,,,,,편의점,"경기도 용인시 처인구 명지로 19, 1층 일부 (역북동)",경기도 용인시 처인구 역북동 722-9 ,17057,37.2343196735,127.1890501884
용인시,씨유서천파크원점,2020-10-29,영업,,,,,편의점,"경기도 용인시 기흥구 서천서로 27, 상가동 1층 101호 (서천동, 센트럴파크원)",경기도 용인시 기흥구 서천동 736 센트럴파크원 상가동 101호,17107,37.2403011523,127.0722218724
용인시,GS25기흥IC본점,2016-12-01,영업,,,,,편의점,"경기도 용인시 기흥구 기흥단지로 6 (고매동, 1층)",경기도 용인시 기흥구 고매동 485-1 1층 ,17086,37.2220305104,127.1035253047
용인시,지에스25 용인천덕산로점,2024-03-19,영업,,,,,편의점,"경기도 용인시 처인구 남사읍 천덕산로 366, 1층 일부",경기도 용인시 처인구 남사읍 원암리 387-7 ,17124,37.0990682056,127.1400769759
용인시,씨유 서천사랑방점,2024-09-26,영업,,,,,편의점,"경기도 용인시 기흥구 서천동로21번길 8, 1층 일부호 (서천동)",경기도 용인시 기흥구 서천동 789 일부호,17106,37.2384535103,127.0773057025
용인시,지에스25보평서희점,2024-10-17,영업,,,,,편의점,"경기도 용인시 처인구 한터로 55-30, 근린생활시설2동 106,107호 (유방동, 용인보평역 서희스타힐스 리버파크)",경기도 용인시 처인구 유방동 330-1 용인보평역 서희스타힐스 리버파크 ,17041,37.2566802435,127.2164966298
용인시,씨유용인레이크사이드점,2019-09-20,영업,,,,,편의점,"경기도 용인시 처인구 모현읍 오포로 43, 1층 일부",경기도 용인시 처인구 모현읍 능원리 153-1 ,16884,37.3401544880,127.1730575618
용인시,트리플에이커피 용인동천점,2018-12-12,영업,,,,,편의점,"경기도 용인시 수지구 문인로54번길 2, 수지하우비 116호 일부호 (동천동)",경기도 용인시 수지구 동천동 887 수지하우비 ,16828,37.3335477204,127.0971941751
용인시,지에스(GS)25신봉엘지점,2023-06-26,영업,,,,,편의점,"경기도 용인시 수지구 신봉1로 114, 대흥빌딩 1층 일부(107)호 (신봉동)",경기도 용인시 수지구 신봉동 126-1 대흥빌딩 ,16814,37.3251805424,127.0733891014
용인시,세븐일레븐 용인온누리점,2024-05-23,영업,,,,,편의점,"경기도 용인시 처인구 금학로241번길 21, 1층 일부 (역북동)",경기도 용인시 처인구 역북동 377-1 ,17046,37.2398951265,127.1908762969
용인시,세븐일레븐 용인수지3호점,2020-06-19,영업,,,,,편의점,"경기도 용인시 수지구 문인로31번길 12, 1층 일부호 (풍덕천동)",경기도 용인시 수지구 풍덕천동 668-13 세븐일레븐 ,16829,37.3320488735,127.0990985919
용인시,이마트24,20160518,영업,,,,,편의점,"경기도 용인시 기흥구 연원로42번길 6, 연원마을 삼호.벽산아파트 분산상가1동 101호 (마북동)",경기도 용인시 기흥구 마북동 524-8 연원마을 삼호.벽산아파트 ,16921,37.3003761352,127.1077857687
용인시,씨유용인센트럴점,20180111,영업,,,,,편의점,"경기도 용인시 처인구 중부대로 1216, 지하1층 109호 (역북동)","경기도 용인시 처인구 역북동 370-3 지하1층, 109호 ",17053,37.2374143780,127.1799843907
용인시,세븐일레븐 기흥구청점,2023-05-18,영업,,,,,편의점,"경기도 용인시 기흥구 구갈로72번길 14-1, 서안빌딩 102일부호 (구갈동)",경기도 용인시 기흥구 구갈동 353-6 서안빌딩 102일부호,16972,37.2804004346,127.1130107789
용인시,씨유 동천래미안점,2025-03-26,영업,,,,,편의점,"경기도 용인시 수지구 동천로135번길 21, 상가동 지2층 3블록-14호 (동천동, 한빛마을 래미안 이스트팰리스 3단지)",경기도 용인시 수지구 동천동 932 한빛마을 래미안 이스트팰리스 3단지 ,16822,37.3346543189,127.0887218410
용인시,세븐일레븐 용인백봉점,2025-02-04,영업,,,,,편의점,"경기도 용인시 처인구 백암면 죽양대로 798, 1층 일부",경기도 용인시 처인구 백암면 백봉리 612-5 용인물류센터 ,17180,37.1403670226,127.3957013625
용인시,씨유 양지모비스점,2025-06-20,영업,,,,,편의점,"경기도 용인시 처인구 양지면 중부대로 2059, 1층 일부",경기도 용인시 처인구 양지면 남곡리 257-2 ,17158,37.2276736528,127.2709055903
용인시,씨유 서천홈타운점,2025-07-22,영업,,,,,편의점,"경기도 용인시 기흥구 서그내로62번길 41, 1층 일부호 (서천동)",경기도 용인시 기흥구 서천동 404-2 ,17103,37.2425483515,127.0680036694
용인시,지에스25 수지나래가,2023-04-10,영업,,,,,편의점,"경기도 용인시 수지구 용구대로 2793, 1층 101호 일부호 (죽전동, LH 청년나래家)",경기도 용인시 수지구 죽전동 1493 LH 청년나래家 ,16865,37.3348833628,127.1084079164
용인시,지에스25 경희전자국제점,2025-07-01,영업,,,,,편의점,"경기도 용인시 기흥구 덕영대로 1732, 경희대학교 전자정보대학관 1층 일부호 (서천동)",경기도 용인시 기흥구 서천동 1 일부호,17104,37.2443406271,127.0801141444
용인시,GS25고진역힐스점,2025-01-10,영업,,,,,편의점,"경기도 용인시 처인구 고림로162번길 39, 근린생활시설2동 101호 (고림동, 힐스테이트 용인 고진역 2단지)",경기도 용인시 처인구 고림동 1028 힐스테이트 용인 고진역 2단지 ,17148,37.2437736726,127.2247757598
용인시,지에스25몬테로이3상가점,2025-02-11,영업,,,,,편의점,"경기도 용인시 처인구 모현읍 왕산로 16, 330(근린생활시설)동 106호 (힐스테이트 몬테로이 3단지)",경기도 용인시 처인구 모현읍 왕산리 955 힐스테이트 몬테로이 3단지 ,17035,37.3447881761,127.2597794859
용인시,씨유모현동림점,2021-01-22,영업,,,,,편의점,"경기도 용인시 처인구 모현읍 문형동림로 83, 1층 일부",경기도 용인시 처인구 모현읍 동림리 217-7 ,16888,37.3360351361,127.1932485088
용인시,이마트24 풍덕천래미안점,2025-01-20,영업,,,,,편의점,"경기도 용인시 수지구 신수로683번길 19, 상가동 1층 101호, 102호 일부호 (풍덕천동, 래미안수지이스트파크)",경기도 용인시 수지구 풍덕천동 1198 래미안수지이스트파크 ,16831,37.3294357786,127.0993720960
용인시,세븐일레븐 뉴용인강남마을점,2025-01-23,영업,,,,,편의점,"경기도 용인시 기흥구 강남동로 45, 강남마을 자연앤아파트 101일부호 (구갈동)",경기도 용인시 기흥구 구갈동 600 강남마을 자연앤아파트 101일부호,,,
용인시,GS25 수지구청점,2025-02-05,영업,,,,,편의점,"경기도 용인시 수지구 풍덕천로140번길 9-1, 1층 일부호 (풍덕천동)",경기도 용인시 수지구 풍덕천동 722-7 ,16835,37.3232010615,127.0975654387
용인시,씨유 다이소남사허브센터점,2025-07-31,영업,,,,,편의점,"경기도 용인시 처인구 남사읍 경기동로 197, 창고지원동 1층 일부(용인 다이소 허브센터)",경기도 용인시 처인구 남사읍 북리 608-23 용인 다이소 허브센터 ,17118,37.1412756182,127.1500897277
용인시,지에스25송전레이크점,2023-03-21,영업,,,,,편의점,"경기도 용인시 처인구 이동읍 경기동로 659, 1층 일부호",경기도 용인시 처인구 이동읍 송전리 913-8 ,17136,37.1418042580,127.1945863046
용인시,이마트24 R보라스카이점,2025-09-30,영업,,,,,편의점,"경기도 용인시 기흥구 한보라1로10번길 15, 메가프라자 102일부호 (보라동)",경기도 용인시 기흥구 보라동 575-3 102일부호,17080,37.2533606602,127.1081762213
용인시,GS25보정자이,2010-10-01,영업,,,,,편의점,"경기도 용인시 기흥구 용구대로2469번길 20, 1동 129호 (보정동,죽전자이2차)",경기도 용인시 기흥구 보정동 1291 죽전자이2차 1동 129호,16905,37.3085016697,127.1062765598
용인시,씨유 용인고림3차점,2023-03-23,영업,,,,,편의점,"경기도 용인시 처인구 경안천로 120, 332동 1층 118호 (고림동, 용인고림 양우내안愛 더센트럴)",경기도 용인시 처인구 고림동 723-3 용인고림 양우내안愛 더센트럴 ,17148,37.2425768885,127.2142381183
용인시,SWEET BOX(스윗박스),2020-09-25,영업,,,,,편의점,"경기도 용인시 수지구 신봉1로71번길 25, 1층 105(일부)호 (신봉동, 신봉마을 자이3차)",경기도 용인시 수지구 신봉동 912 신봉마을 자이3차 ,16810,37.3209238817,127.0778261872
용인시,씨유 용인좌항점,2025-08-07,영업,,,,,편의점,"경기도 용인시 처인구 원삼면 원양로 540, 1층 일부",경기도 용인시 처인구 원삼면 좌항리 388-50 ,17166,37.1966575198,127.3184941494
용인시,씨유용인마성점,2016-06-22,영업,,,,,편의점,경기도 용인시 처인구 포곡읍 석성로 813-4 (1층일부),경기도 용인시 처인구 포곡읍 마성리 167-11 1층일부 ,17024,37.2814150627,127.1879992125
용인시,지에스25죽전한양점,2023-08-11,영업,,,,,편의점,"경기도 용인시 수지구 푸른솔로 78, 도담마을 한양수자인 상가동 1층 103호 일부호 (죽전동)",경기도 용인시 수지구 죽전동 1262 도담마을아이월드아파트 ,16874,37.3252982883,127.1184242368
용인시,세븐일레븐 용인상갈점,2016-08-25,영업,,,,,편의점,"경기도 용인시 기흥구 금화로82번길 9 (상갈동, 주공프라자 103호)",경기도 용인시 기흥구 상갈동 459-3 주공프라자 103호 ,17072,37.2659407163,127.1098591890
용인시,씨유 동백윤들래점,2020-09-09,영업,,,,,편의점,"경기도 용인시 기흥구 동백1로 31, 윤들래 뜰 1층 103일부호 (중동)",경기도 용인시 기흥구 중동 977-1 윤들래 뜰 1층 103일부호,17012,37.2651123385,127.1598371343
용인시,GS 동천자이,2018-09-19,영업,,,,,편의점,"경기도 용인시 수지구 고기로 89, 상가동 A104호 (동천동, 동천자이아파트)",경기도 용인시 수지구 동천동 105-3 동천자이아파트 A104호,16824,37.3458840215,127.0908734878
용인시,세븐일레븐 용인신정로점,2023-06-27,영업,,,,,편의점,"경기도 용인시 기흥구 신정로 213, 1층 5호 일부호 (신갈동)",경기도 용인시 기흥구 신갈동 537-76 1층 5호일부 ,16945,37.2886935698,127.0995543667
용인시,CU용인천덕산로점,2023-05-04,영업,,,,,편의점,"경기도 용인시 처인구 남사읍 천덕산로 481, 1층",경기도 용인시 처인구 남사읍 원암리 194-14 원암마트 ,17124,37.0913610117,127.1490928393
용인시,씨유용인청현마을점,2025-09-09,영업,,,,,편의점,"경기도 용인시 기흥구 덕영대로2077번길 4, 101일부호 (영덕동)",경기도 용인시 기흥구 영덕동 43 101일부호,17095,37.2689919908,127.0977526153
용인시,지에스25 둔전힐스점,2025-03-28,영업,,,,,편의점,"경기도 용인시 처인구 금어로 46, C동 102호 (고림동, 힐스테이트용인둔전역)",경기도 용인시 처인구 고림동 1021 ,17038,37.2647585009,127.2210114507

